baseMean	log2FoldChange	lfcSE	stat	pvalue	padj	gene	sig
251.668663756823	7.3206254219066	0.690715008318529	10.5986193057074	3.02411772494752e-26	6.12656009897118e-22	Ccdc148	Up_MHCpos
411.454234652481	3.28056390864288	0.314376344820136	10.4351487085321	1.71345256116364e-25	1.73564177183071e-21	Gm12185	Up_MHCpos
1420.62961954205	2.91732929083646	0.296096076255966	9.85264420834312	6.67639610467545e-23	4.50857028948733e-19	Iigp1	Up_MHCpos
2576.92639768326	-2.31958097236954	0.238281238277279	-9.7346353793509	2.14585869846958e-22	1.08682378430738e-18	Gpc1	Up_MHCneg
708.99918329724	4.74573337589155	0.539999161958432	8.78840877952486	1.51693134057866e-18	6.14630240575661e-15	Maf	Up_MHCpos
293237.641117772	6.02280414206996	0.688595836804322	8.74650095188052	2.20070418599289e-18	7.43067768400501e-15	Igkc	Up_MHCpos
134.120615172768	-2.02270175213085	0.235099246280876	-8.60360798313365	7.72485074505174e-18	2.23568216062862e-14	Gm30716	Up_MHCneg
99.1326899020033	10.1028789159412	1.18679732716232	8.51272469588185	1.69893112725378e-17	4.30233071337929e-14	Fblim1	Up_MHCpos
729.679044612526	-2.76720084510315	0.331864163677523	-8.33835390491899	7.5331826819247e-17	1.69571942170125e-13	Mgl2	Up_MHCneg
1868.05474893352	2.26831990313293	0.276863155016102	8.1929280297373	2.54946635652587e-16	5.16496389168576e-13	Hlf	Up_MHCpos
1858.06892432033	6.93793333197943	0.856257956500757	8.1026205704791	5.37877917211858e-16	9.90624429526821e-13	Xcr1	Up_MHCpos
115.614418043304	3.87207579525516	0.489529397060867	7.90979217694196	2.57818926530378e-15	4.35262802714911e-12	Gm19331	Up_MHCpos
174.770592761445	6.64270408965457	0.843963734971578	7.87084067051562	3.5226603631616e-15	5.48965971517622e-12	Pigz	Up_MHCpos
86.0070285412139	9.89869148330009	1.2600359400199	7.85588027206884	3.96974142468706e-15	5.74449939448109e-12	Btnl6	Up_MHCpos
4012.99094152669	5.08926772556954	0.658506462084501	7.72850080993811	1.08820491844853e-14	1.46972956285658e-11	Spic	Up_MHCpos
714.178480952575	4.99534936172317	0.648480872055465	7.7031560636316	1.32746072280835e-14	1.68081417396089e-11	Sema6d	Up_MHCpos
68.4585259910936	-5.40340375747134	0.706867806881149	-7.64415029920843	2.10329610504041e-14	2.50651034070669e-11	4933440M02Rik	Up_MHCneg
7338.70025643069	1.63180250462301	0.215235430689615	7.58147717313412	3.41642558827805e-14	3.84518699960694e-11	Gcnt2	Up_MHCpos
24926.185926684	7.33893867478464	0.973997398147193	7.53486476323786	4.88841180462872e-14	5.21233340789333e-11	Ighg2b	Up_MHCpos
66.2845449524156	9.52128042156939	1.27223124656972	7.4839227909559	7.21363449204022e-14	7.30705105871214e-11	Kcnj9	Up_MHCpos
2104.29561385815	4.60339375628297	0.615706772852455	7.4766008094345	7.62696411559652e-14	7.35784123894619e-11	Slco2b1	Up_MHCpos
86.07764479371	-9.87411134659404	1.32811659604806	-7.43467205814262	1.04827700594073e-13	9.65320175606968e-11	Panct2	Up_MHCneg
1689.60136878983	4.97997353293463	0.671400846827357	7.41728813192155	1.19542698700335e-13	1.05296327520439e-10	Hpgds	Up_MHCpos
521.180565429043	-8.36652919240684	1.13047249256957	-7.40091355375636	1.35250761945549e-13	1.14168549427286e-10	Lamb1	Up_MHCneg
1212.26126880915	-1.38393313737648	0.194055607845645	-7.13163176648457	9.91859365857705e-13	7.72849188188894e-10	Fstl3	Up_MHCneg
49.8885943509954	8.38367947214506	1.17474266019751	7.1366093666297	9.56611992213477e-13	7.72849188188894e-10	Kcnh2	Up_MHCpos
253.135921118707	-2.1935284988711	0.310354089229667	-7.06782534850977	1.57380444683476e-12	1.13870372458662e-09	Ankmy1	Up_MHCneg
48.6898812787308	9.07597054861133	1.2836065825899	7.07067934343169	1.54177032126168e-12	1.13870372458662e-09	Tspan10	Up_MHCpos
1484.67931682397	4.9314138110838	0.700365303390717	7.04120233713617	1.90588004400626e-12	1.33142151074217e-09	Il18	Up_MHCpos
145.082612016447	8.20851479177345	1.16772276738991	7.02950650702915	2.07265287855422e-12	1.35451208602032e-09	Tnfrsf17	Up_MHCpos
39488.9024346374	4.43965031523064	0.631499177970202	7.03033427454459	2.06039317374362e-12	1.35451208602032e-09	Vcam1	Up_MHCpos
89.4349206651341	8.48073755328279	1.21602012846964	6.97417530740698	3.07670237112037e-12	1.94784104176648e-09	Cacna1s	Up_MHCpos
436.389623380887	4.94382078851326	0.725257399515624	6.81664301779628	9.31924495255191e-12	5.55289951452203e-09	Cxcl16	Up_MHCpos
255.512942984728	3.94343314330745	0.57847078850911	6.81699615890862	9.29637491158752e-12	5.55289951452203e-09	Gm5111	Up_MHCpos
30305.6851293634	3.48499260940081	0.51494819904205	6.76765666116297	1.30884897830386e-11	7.57599184327371e-09	Slc40a1	Up_MHCpos
110.024773055403	-3.54364479884235	0.527787088934687	-6.71415590327349	1.89157983489693e-11	1.06448655208825e-08	Gm5960	Up_MHCneg
2866.82165829107	1.98884081326058	0.298169047578244	6.67017864333713	2.55492234387274e-11	1.39892356120319e-08	Tgtp1	Up_MHCpos
1128.52564150445	3.29308654099087	0.497390026533544	6.62073295667255	3.57422154770717e-11	1.90553037723683e-08	Gm19590	Up_MHCpos
263.734529589224	11.5141781725866	1.74257207500359	6.60757643127204	3.90662506919286e-11	2.02934146863534e-08	Zfp366	Up_MHCpos
46.6443649679004	-6.51583535739797	0.994918086268336	-6.54911740707928	5.7878116836193e-11	2.93138192246109e-08	Chit1	Up_MHCneg
56.7859834817146	9.29744922072114	1.42415947763639	6.52837646816891	6.6486413873277e-11	3.28523965526517e-08	Gm3336	Up_MHCpos
107352.601954705	6.22957835962056	0.961903893091788	6.47630018379197	9.39989533412716e-11	4.53410665652577e-08	Jchain	Up_MHCpos
35.1543335117113	5.87584521751577	0.914511940945305	6.42511590547639	1.31769076818259e-10	6.20816215642118e-08	Ighj4	Up_MHCpos
383.779342156504	3.17458780434188	0.496369618837882	6.39561263192202	1.59904919316156e-10	7.36253127369547e-08	Sult1a1	Up_MHCpos
794.514827296592	2.74537787771836	0.430802897938749	6.37270058036772	1.85728271257141e-10	8.36148677199648e-08	Derl3	Up_MHCpos
218.102806309817	2.8014082247605	0.440018221772375	6.36657321480129	1.9329805259678e-10	8.5130983642569e-08	Robo4	Up_MHCpos
1254.77142628097	6.79903478715852	1.07885521292608	6.30208271295098	2.9367236519273e-10	1.26585286094458e-07	Siglec1	Up_MHCpos
530.143171595043	6.64574151434197	1.0566628642701	6.28936791389239	3.18761194747308e-10	1.34537146758035e-07	Cmbl	Up_MHCpos
115.388784389385	4.42529270585872	0.706910648404291	6.26004533366123	3.84865575008286e-10	1.59122279267201e-07	Epb41l1	Up_MHCpos
17289.1954882956	5.40948759588532	0.867638140921163	6.234727751989	4.52564459416734e-10	1.83370067666472e-07	Hmox1	Up_MHCpos
29.9918629407801	-8.35698904962907	1.34205979754732	-6.22698710214095	4.75490248023968e-10	1.88881508523874e-07	Gm37969	Up_MHCneg
164.466287750938	5.29108686644813	0.853780025291943	6.19724836574723	5.74587956218809e-10	2.2385725778917e-07	Gm26716	Up_MHCpos
67.7177535478053	-8.80660908197912	1.43000281774291	-6.15845575456929	7.34577007023768e-10	2.80788595948953e-07	Ednrb	Up_MHCneg
30.6876279288116	4.91860530276048	0.800219875285458	6.14656728065633	7.91777462860068e-10	2.97048511483002e-07	Kcnmb4os2	Up_MHCpos
40.4062637382455	8.8062326588862	1.44155808717548	6.10882956242208	1.00364436448416e-09	3.69687839637901e-07	Dll1	Up_MHCpos
320.218441152397	2.74442168654612	0.450349655164641	6.09397976677212	1.10137587045053e-09	3.98442388561737e-07	Plxna1	Up_MHCpos
409.238025498051	7.31399431440682	1.20568697039687	6.06624645864699	1.30934159164499e-09	4.57343988019584e-07	Marco	Up_MHCpos
996.51913858502	1.85850540312959	0.306243890580474	6.06871013690057	1.28941624637229e-09	4.57343988019584e-07	Mecom	Up_MHCpos
1967.2115167526	2.04150977584377	0.338735883365068	6.02684827944122	1.67187811405989e-09	5.74077605300666e-07	Maged1	Up_MHCpos
117.970270653013	4.93799191784541	0.822358701358274	6.00466914217534	1.91722455810314e-09	6.47350872043524e-07	Bcam	Up_MHCpos
5270.50140345739	4.17511322074737	0.697091966089075	5.98932913281327	2.10708368341279e-09	6.99793579381307e-07	Cd163	Up_MHCpos
478.075784648193	4.98776630338486	0.834172765377904	5.97929650835011	2.24103316677812e-09	7.32275660092871e-07	Adap2	Up_MHCpos
1917.58406452132	6.70059669868694	1.12338858357141	5.96462951170896	2.45189728097732e-09	7.88460111354279e-07	Tlr3	Up_MHCpos
65.7272777658918	7.39009856491086	1.23990747289094	5.96020164930557	2.519268632211e-09	7.97466612811918e-07	Gm10134	Up_MHCpos
188.313521539241	2.97632232739181	0.50082667046167	5.94281914868509	2.80161476950852e-09	8.59968388113228e-07	Fgd5	Up_MHCpos
242.3653570747	-6.33366042419585	1.06542894968898	-5.94470464318129	2.76955772520659e-09	8.59968388113228e-07	Slc26a3	Up_MHCneg
112.315614906154	8.02324448212912	1.35704165553966	5.91230523350333	3.37352638125049e-09	1.02006374563811e-06	Ccl8	Up_MHCpos
11516.7574865048	5.14919039580699	0.871650312036182	5.90740383466213	3.47541077532545e-09	1.03541686613703e-06	Axl	Up_MHCpos
159.098867102836	-6.92835261723842	1.176947054292	-5.88671562749796	3.93945684136417e-09	1.15665878477097e-06	Adamtsl1	Up_MHCneg
884.162252567913	3.34845472500316	0.571497836754897	5.85908556367684	4.65422860661169e-09	1.34700024773352e-06	Pdzk1	Up_MHCpos
60.7100512746619	-9.37314869362147	1.60699687074578	-5.83271122940741	5.45339014474757e-09	1.55605959073861e-06	Adcyap1r1	Up_MHCneg
34.7891567826961	7.15524899285055	1.22750293389037	5.82910948340724	5.57239368669819e-09	1.5679322735947e-06	9330121J05Rik	Up_MHCpos
34.9220446359282	4.79417858229535	0.823109086331695	5.82447534829351	5.72922936512798e-09	1.58997887271408e-06	Slco2a1	Up_MHCpos
9471.6693001387	4.93833739982052	0.849374617832048	5.81408638325593	6.09659277053196e-09	1.64681163917609e-06	Iglv1	Up_MHCpos
1449.59143130289	1.85043218798121	0.318211385712218	5.81510364200071	6.05963300795841e-09	1.64681163917609e-06	Tent5c	Up_MHCpos
480.468737527922	-6.90944862124285	1.18890158133467	-5.81162371193608	6.18697860267588e-09	1.64923683567909e-06	Gm5733	Up_MHCneg
53.3622373829021	9.21035922080618	1.58616404069597	5.80668769717217	6.37208319053252e-09	1.67651991372725e-06	Srpx2	Up_MHCpos
31.7612624650404	8.46104366453543	1.46261244006654	5.78488424736118	7.25622780102099e-09	1.88466562847287e-06	Gbgt1	Up_MHCpos
254.93565984872	2.18009429848296	0.378054885689228	5.76660792125051	8.08829229398888e-09	2.068416519521e-06	1500009L16Rik	Up_MHCpos
4789.43190532281	4.46627626861461	0.774728532620816	5.76495647256688	8.16789187826053e-09	2.068416519521e-06	Hpgd	Up_MHCpos
13268.0312387505	6.11630062843282	1.06321734725726	5.75263434537707	8.7863393626367e-09	2.19756110058836e-06	C1qb	Up_MHCpos
552.961067495402	4.87495811284424	0.850637500579439	5.73094662476496	9.98716922954883e-09	2.46743977343207e-06	Slc1a3	Up_MHCpos
43.9658902046286	8.93000857734917	1.56072294326504	5.72171288689301	1.05455410698786e-08	2.57400140403219e-06	Col6a2	Up_MHCpos
194.532652953164	3.3408280576628	0.58488744085477	5.71191621550367	1.11711087605049e-08	2.69423205213176e-06	Chst1	Up_MHCpos
12939.3858814781	6.23967123317144	1.09344669995167	5.70642467844775	1.15373926831671e-08	2.74983574550919e-06	Fcna	Up_MHCpos
24.1157519472917	8.06610258276561	1.41611788146195	5.69592594540113	1.22704132662777e-08	2.89053839955255e-06	Col7a1	Up_MHCpos
13.1148151465733	-7.16040556885432	1.26114936958359	-5.67768239159374	1.36531915850537e-08	3.1793104404782e-06	Gm37851	Up_MHCneg
179.975929309484	7.95997295596843	1.40338808712564	5.67196845191389	1.41165977409814e-08	3.21335004083756e-06	Cd209g	Up_MHCpos
1252.14891677561	1.74309115868049	0.307297291465921	5.67232841645075	1.40869587439416e-08	3.21335004083756e-06	Il1r1	Up_MHCpos
375.187310495039	4.40103879909832	0.776555154220762	5.66738727465478	1.4499138111466e-08	3.263755988891e-06	Rims3	Up_MHCpos
1686.42083649907	4.35654073504749	0.769649152794919	5.66042425854308	1.50999222699123e-08	3.3616409369907e-06	Mzb1	Up_MHCpos
109.879079280531	3.08185272761936	0.546018152795607	5.64423126198333	1.65920925045417e-08	3.65368697879902e-06	Etl4	Up_MHCpos
830.852151735746	3.77448733024608	0.670763521846309	5.62715056396719	1.83210802730604e-08	3.99104048657991e-06	Nr1h3	Up_MHCpos
28.0630258609718	4.76598700549411	0.848621513465726	5.61615152322744	1.95257450058252e-08	4.20821349013844e-06	Ighj2	Up_MHCpos
27511.065435021	-2.54490211732574	0.454076122963107	-5.60457154346454	2.08770745236542e-08	4.44323182547728e-06	Ly6c2	Up_MHCneg
397.947983055728	1.83406674789095	0.327330567241282	5.60310258631918	2.10548524234078e-08	4.44323182547728e-06	Maml2	Up_MHCpos
272.636599361992	6.21166998976946	1.11243646996912	5.58384245523873	2.35261839136847e-08	4.91357690626123e-06	Mrap	Up_MHCpos
34041.590612431	2.34690905943933	0.4216294740058	5.56628320392765	2.60230185837408e-08	5.37959523967352e-06	Apoe	Up_MHCpos
364.676072179244	3.59330064231445	0.648048876181553	5.54479881747033	2.94292345362478e-08	5.92281995138063e-06	Gas6	Up_MHCpos
74.4131316515504	3.6887984274247	0.665202042206969	5.54538049099521	2.93315621066741e-08	5.92281995138063e-06	Gdf15	Up_MHCpos
220.478487453413	3.01834013424883	0.544412691054607	5.54421339517612	2.95278550318102e-08	5.92281995138063e-06	Plxna4os1	Up_MHCpos
385.720247837677	3.49746085062266	0.632152124265135	5.53262532288157	3.15472885788442e-08	6.26584822861572e-06	Iigp1c	Up_MHCpos
7501.00013442448	6.29258594593336	1.14029320346136	5.51839292458486	3.42113820351444e-08	6.72901348203874e-06	C1qa	Up_MHCpos
1703.00651710656	3.35078962555286	0.607701588397149	5.51387340354133	3.51021135146556e-08	6.81924429624706e-06	Cd36	Up_MHCpos
144.043608300454	4.92904660462715	0.894130768546394	5.51266859168755	3.53433363495702e-08	6.81924429624706e-06	Itga9	Up_MHCpos
483.680227270067	1.0955146422168	0.198964787474822	5.50607298970138	3.66926448187492e-08	7.01279520172678e-06	Zfp938	Up_MHCpos
4269.29257808031	2.67999105255774	0.487223121597049	5.50054160765832	3.78626388301186e-08	7.10240000054975e-06	Ccdc152	Up_MHCpos
12459.5441227849	4.81344234762859	0.874907869877498	5.50165624673437	3.76239974437547e-08	7.10240000054975e-06	Iglc1	Up_MHCpos
873.941307394338	4.34940811910734	0.797508905914289	5.45374238062087	4.93206408845063e-08	9.08351694253831e-06	Fabp4	Up_MHCpos
284.976569327058	4.31569384925174	0.795640129592072	5.42417820411398	5.82217750831813e-08	1.0626260733425e-05	Eaf2	Up_MHCpos
1217.95409212112	4.31735068688952	0.796254237525313	5.42207561784218	5.8910950004751e-08	1.06560440727344e-05	Ciita	Up_MHCpos
12.7630792315696	6.40966132707382	1.18283917141603	5.4188781382684	5.99741777979803e-08	1.0752361663799e-05	Gm38832	Up_MHCpos
23.7088734579835	8.04116285265153	1.48505058421859	5.41474003519056	6.13778145872367e-08	1.09074837344108e-05	Gm37469	Up_MHCpos
10.0754681218995	-6.78031933170852	1.27138124093647	-5.33303395818102	9.6585240497115e-08	1.67567528700305e-05	D830024N08Rik	Up_MHCneg
620.941380476307	4.01402111220571	0.752721172437688	5.33267996063709	9.67737837896033e-08	1.67567528700305e-05	Slc16a9	Up_MHCpos
2476.46377634988	3.53542610444697	0.663433136534434	5.3289863133984	9.87624381421597e-08	1.69561714773052e-05	Rgl1	Up_MHCpos
71.7982661346321	4.70292952759035	0.883113196732418	5.32539831246043	1.00732057151299e-07	1.71489978641022e-05	Gm15635	Up_MHCpos
1887.98098140927	2.89667416774423	0.545300737309863	5.31206721273552	1.0838860950878e-07	1.82987070003197e-05	Prnp	Up_MHCpos
15.6776568157987	-7.4229382430414	1.3985484774352	-5.30760167617094	1.11077047264387e-07	1.85976024837126e-05	F3	Up_MHCneg
101.134300107537	3.90856904048754	0.736675901071302	5.30568331990167	1.12251690859941e-07	1.86402213535373e-05	Mn1	Up_MHCpos
135.004920383998	6.20952961844154	1.17416510911569	5.2884637520171	1.23347925915574e-07	2.02044707709063e-05	Nuggc	Up_MHCpos
1774.26442400941	-2.58691978551753	0.489206428608446	-5.28799221399452	1.23666240959198e-07	2.02044707709063e-05	Sgms2	Up_MHCneg
4796.8450970638	2.4521790546504	0.464133852941869	5.28334453327956	1.26846512861003e-07	2.03951071750084e-05	Flt3	Up_MHCpos
11017.5931804273	6.1134079487222	1.15910052953907	5.27426896367073	1.33286311069253e-07	2.12617903618268e-05	C1qc	Up_MHCpos
647.658572013208	1.82705476861221	0.346538819182647	5.27229466794378	1.34728532731216e-07	2.13239480047008e-05	Rnf122	Up_MHCpos
176.82565533188	1.33100189259099	0.253277419929254	5.25511469977373	1.47932247079483e-07	2.30535337967943e-05	A730081D07Rik	Up_MHCpos
26.3279893675022	-7.43962158870469	1.41652446867007	-5.25202476430888	1.50436229739111e-07	2.32647906739286e-05	Tmc7	Up_MHCneg
1468.94134660083	3.30649458636155	0.629876267435575	5.24943509909229	1.5256633805164e-07	2.34154654741529e-05	Mpzl1	Up_MHCpos
21.3427277258177	6.43653233466773	1.22716890626022	5.24502560473354	1.56260624944419e-07	2.3624507468276e-05	Adap2os	Up_MHCpos
1640.76932988516	-5.06452744788008	0.965545011179042	-5.24525256641915	1.56068382277139e-07	2.3624507468276e-05	Sytl3	Up_MHCneg
168.627808868164	4.76543621118751	0.908876139001379	5.24321852747009	1.57799459668891e-07	2.36804389143116e-05	Dkk3	Up_MHCpos
5124.18397567277	1.77236591291341	0.338321577294399	5.23870196836764	1.61709939108198e-07	2.4088835708772e-05	Calcrl	Up_MHCpos
381.453953511232	2.22678960950835	0.427318587548304	5.21107593817606	1.87748577253109e-07	2.77634921647498e-05	Cpxm1	Up_MHCpos
20.9534794581023	-7.83933842615796	1.50489601287151	-5.20922266994358	1.89633422563917e-07	2.78390109255246e-05	Gm17056	Up_MHCneg
695.123558355293	5.02576247341183	0.969324750279131	5.18480774576796	2.1623781001792e-07	3.15162718931874e-05	Gpd1	Up_MHCpos
49.7390851450458	3.19453443597555	0.617050133807822	5.1771067875183	2.25353241378162e-07	3.26102236934299e-05	Mapre3	Up_MHCpos
9156.44228111971	5.6727837206918	1.0997431944905	5.15828035955245	2.4922824349606e-07	3.58093261346573e-05	Mrc1	Up_MHCpos
411.929745927805	6.35957631008768	1.23353234739154	5.15558130561861	2.52845299674804e-07	3.58209295532298e-05	Chp2	Up_MHCpos
31.4410548022425	-4.79786352319332	0.930433744042778	-5.1565880471471	2.51490254766042e-07	3.58209295532298e-05	Erich5	Up_MHCneg
32.9522962917554	-8.49201725937362	1.65006837230972	-5.1464638689406	2.65442561717771e-07	3.72384026756046e-05	ENSMUSG00000121698	Up_MHCneg
153.100918398392	3.18341730340246	0.618655984390205	5.14569871418973	2.6652689609372e-07	3.72384026756046e-05	Fmn1	Up_MHCpos
613.574636225283	2.71703702089907	0.528422429960629	5.14178972512863	2.72133593808457e-07	3.77613320340105e-05	Slc15a2	Up_MHCpos
1240.23917291774	-1.52957001522496	0.297905451205154	-5.1344143218501	2.83023988231163e-07	3.88094355572713e-05	Gla	Up_MHCneg
815.560985296715	-2.1643417897863	0.421563203199389	-5.13408611890307	2.83518261635627e-07	3.88094355572713e-05	Ncam1	Up_MHCneg
19.4989018733682	7.02647689438892	1.3693429528779	5.13127619317105	2.87784266121629e-07	3.91290030024032e-05	Igkj1	Up_MHCpos
17921.8185189714	5.26960044530011	1.02857505259021	5.1232046043018	3.00386084865731e-07	4.03014681675156e-05	H2-Aa	Up_MHCpos
26.7596768968579	5.03429405523114	0.988106035147103	5.09489252788712	3.48939145765879e-07	4.5903624377084e-05	Ighj1	Up_MHCpos
968.232955320512	-1.46433416134583	0.287385867707054	-5.09535897860676	3.48081047529869e-07	4.5903624377084e-05	Sun2	Up_MHCneg
3185.37054201504	5.17271495042331	1.01601796234652	5.09116486334237	3.55870428586989e-07	4.65134129854439e-05	Ifi205	Up_MHCpos
125.796079291531	9.72360709287325	1.91240492405675	5.08449176769882	3.68611755035008e-07	4.78699073413733e-05	Gpr33	Up_MHCpos
39.3041728797232	6.06875822602658	1.19397480337708	5.08281934330734	3.71873360350512e-07	4.79858752059938e-05	Igkj2	Up_MHCpos
181.753929357582	-2.58935599925155	0.510180873038749	-5.0753686311852	3.86745480222133e-07	4.95890929355709e-05	Ptpru	Up_MHCneg
9.15177618829641	-6.64565997509388	1.31249941744364	-5.06336222840971	4.11926101216222e-07	5.24856030474179e-05	Clec12b	Up_MHCneg
67.8719291507242	2.17287085562112	0.429934176721403	5.05396168360241	4.32738460351064e-07	5.47928029265763e-05	Hdac11	Up_MHCpos
24564.1951968438	2.55913937564985	0.506637601682974	5.05122274215095	4.38990791335441e-07	5.52392201345634e-05	Selenop	Up_MHCpos
87.0539600475818	6.30427540903184	1.2490301428809	5.04733648340221	4.48011918142945e-07	5.60263793188761e-05	Gm37759	Up_MHCpos
1447.24952435351	6.56479089876255	1.30363810751888	5.03574639380315	4.75990414141614e-07	5.9160060123282e-05	Cd209f	Up_MHCpos
31.1122522632408	8.4289378671572	1.67754450471066	5.02456885256287	5.04564761649895e-07	6.23291311357635e-05	Lum	Up_MHCpos
17.2284477860675	7.58144545483189	1.51127075886632	5.01660302123432	5.25930805799796e-07	6.45747405739277e-05	Misp3	Up_MHCpos
14.5992149828935	6.61069964495704	1.32953583195735	4.97218614651757	6.62020926076344e-07	8.07944695263894e-05	Igkj5	Up_MHCpos
61.9129632021164	5.87901318414468	1.18487270331215	4.96172556571748	6.98696679575807e-07	8.47598564762053e-05	4931431B13Rik	Up_MHCpos
87.5814608073213	-3.55155846610354	0.716206488136351	-4.9588470991726	7.09127498759628e-07	8.55131785557815e-05	Lin28a	Up_MHCneg
272.501165866013	1.99332234034392	0.402074203448252	4.95759818274556	7.13699775056175e-07	8.5555288419308e-05	Arhgef5	Up_MHCpos
173.108366752751	1.30181983621048	0.2628981581258	4.95180280261814	7.35290951747394e-07	8.72691767437077e-05	Dcaf12l1	Up_MHCpos
219.292855720409	3.05292706571155	0.616571898307592	4.95145347053836	7.36612331466213e-07	8.72691767437077e-05	Irf6	Up_MHCpos
8.54639900544339	-6.54665760471014	1.3288069782091	-4.92671826086691	8.36221940772794e-07	9.792497282148e-05	4930543I11Rik	Up_MHCneg
117.059652809465	3.90872109425114	0.793313347257394	4.92708348821331	8.34660969921184e-07	9.792497282148e-05	Ank2	Up_MHCpos
594.031524105564	3.20743044311572	0.651362716384547	4.92418488567919	8.47127157843399e-07	9.86318913261461e-05	Phf11d	Up_MHCpos
172.48281871841	5.1730713044117	1.05349006744189	4.91041298279451	9.08847802360487e-07	0.000105213415017263	Kitl	Up_MHCpos
1487.57071990134	2.24492951128702	0.457575597182823	4.90613906228497	9.28866797530599e-07	0.000106919957108934	Rsad2	Up_MHCpos
864.507763759762	2.6320945938019	0.536954604749263	4.90189407171764	9.49170167171102e-07	0.000108639765066211	Tcf7l2	Up_MHCpos
166.969570279765	1.6590404915699	0.339903794932164	4.88091194127738	1.05596389151227e-06	0.000119512695408643	Gm44250	Up_MHCpos
36.1356901854213	6.21980924439523	1.27509651132547	4.87791252595436	1.07214449581671e-06	0.000120003178678181	Stard13	Up_MHCpos
463.514970907312	1.44604158658643	0.296433469870237	4.87813197079072	1.07095263674859e-06	0.000120003178678181	Zfhx3	Up_MHCpos
2701.59934521165	5.16246324254067	1.05916448938929	4.87409018547944	1.09311048127311e-06	0.000121613878947312	Cadm1	Up_MHCpos
204.988618533248	1.76851713369107	0.362913320158959	4.87311166456069	1.09854088786999e-06	0.000121613878947312	Cdkn1c	Up_MHCpos
4663.68361287488	-3.65516481286588	0.751348547294572	-4.86480585611999	1.14569210631284e-06	0.000126144436857564	Ccr1	Up_MHCneg
4050.98380969243	4.04516098884634	0.832232013064465	4.86061690171127	1.17020516402986e-06	0.000128146953611248	Ckb	Up_MHCpos
920.408879837249	5.76621389140946	1.18864509661478	4.85108120820206	1.22790254011212e-06	0.000133742352473825	Stab2	Up_MHCpos
1917.58184964744	3.86288151444003	0.798615164096778	4.83697491370439	1.3183005852209e-06	0.000141700127446017	Abcg3	Up_MHCpos
1378.50689627939	-1.5696110032797	0.324539468379315	-4.83642563142789	1.32194699083357e-06	0.000141700127446017	Dtx4	Up_MHCneg
146069.62926	3.8963998823478	0.80739712949506	4.82587779917496	1.39387959887283e-06	0.000148624246281919	Ighm	Up_MHCpos
114.806989041238	6.26379675750789	1.29851753406086	4.82380606592127	1.40844368916738e-06	0.000149390893711215	Folr2	Up_MHCpos
204.265303725505	5.34404920239985	1.10999860430942	4.81446479450723	1.47594919938212e-06	0.000155735702241055	Tppp	Up_MHCpos
1791.25208409719	2.70259466660805	0.562584910450942	4.80388758461683	1.55614219859217e-06	0.000163346553374501	Ly6a	Up_MHCpos
1228.08704243579	3.28027085532	0.683178584327202	4.80148372705569	1.57494309458504e-06	0.000164467897696898	Abca1	Up_MHCpos
509.616322796396	1.04501396563515	0.218351795119195	4.78591881996981	1.70206848793966e-06	0.000176831823062409	Gm45871	Up_MHCpos
511.785641997019	1.57901804493148	0.330098639812292	4.78347334551083	1.72291747814073e-06	0.000178084618314556	Socs2	Up_MHCpos
3282.03448040561	1.09163882286262	0.228470933594603	4.77802058094451	1.77029264842665e-06	0.000182052582560789	Pde4b	Up_MHCpos
605.520847122148	2.32197342093106	0.486268449931216	4.77508549291961	1.79630925433357e-06	0.000183795096886585	Vav2	Up_MHCpos
346.206932173066	3.41749961901744	0.71651234014976	4.76963120872858	1.84563496563316e-06	0.000187893059139509	Procr	Up_MHCpos
13.124693361194	-7.16014145357414	1.50223502455507	-4.7663257323499	1.8761585716988e-06	0.00019004548252023	Ctcflos	Up_MHCneg
564.149260440079	2.51356627626329	0.527480125814804	4.76523408797735	1.88634520464621e-06	0.000190126703984714	Kctd12b	Up_MHCpos
2143.14873147767	4.13723158875184	0.87033390435707	4.75361417961544	1.99812176001951e-06	0.000200395785822947	Epb41l3	Up_MHCpos
1104.23255122474	1.41319939908281	0.297575759440594	4.74904072072083	2.04383790545869e-06	0.000203970995697968	Stxbp4	Up_MHCpos
13631.3062484821	5.24841910604915	1.10617482672049	4.74465606997158	2.08860894921089e-06	0.000207417297559134	H2-Eb1	Up_MHCpos
37.8837865842866	-5.7676256649837	1.21588014697831	-4.74358075449896	2.09973183277219e-06	0.000207504718049423	Defb40	Up_MHCneg
994.449244938053	2.86444784124453	0.604130879182191	4.74143590395862	2.12208796308162e-06	0.00020869601963141	Prxl2b	Up_MHCpos
280.088948750179	1.18195272615774	0.249593424778	4.73551227244478	2.18502481799266e-06	0.000213847428926151	Cimap1b	Up_MHCpos
61.349993413095	-6.56732585905593	1.38788030637464	-4.73191083473965	2.22416115485e-06	0.000216631157865895	Mirt2	Up_MHCneg
42.315810230772	-5.1624558075879	1.09190374098981	-4.72794039784872	2.26808736624767e-06	0.000219852545228764	Gm44641	Up_MHCneg
18.2722412735844	-6.24000225834204	1.3230055584489	-4.7165351789284	2.39894903873449e-06	0.000230333215998682	Mapk4	Up_MHCneg
29.2819523862267	-8.31943566675485	1.76586657875397	-4.71124815818487	2.4620421435788e-06	0.000235275998994164	Acta2	Up_MHCneg
1031.62463651634	1.36193682542244	0.289206088283417	4.7092259831258	2.48659258607242e-06	0.000235401304678697	Eya1	Up_MHCpos
109.016227500089	5.5194163619258	1.17189240957675	4.70983199210176	2.47921071303425e-06	0.000235401304678697	Tc2n	Up_MHCpos
469.941045219251	2.23884426185127	0.475551337785963	4.70789183829177	2.50291840406161e-06	0.000235844762548298	Amz1	Up_MHCpos
859.428635225317	5.9305630855049	1.26008843806773	4.70646575775195	2.52048298942897e-06	0.000236400300383525	Tlr11	Up_MHCpos
34.6548830285841	7.06268834923413	1.50097452517765	4.70540187775555	2.53366346028184e-06	0.000236541419547695	Htra3	Up_MHCpos
2620.81965239055	1.73855620296997	0.370169175887672	4.69665308787767	2.64459044501585e-06	0.000245764944154019	Gvin-ps6	Up_MHCpos
247.314575570155	6.39229691799475	1.36890312126627	4.66964887338538	3.01714984874398e-06	0.000279107026418741	Ptprm	Up_MHCpos
7573.16283866233	-3.25279782683613	0.697706949866758	-4.66212616551595	3.12959225777955e-06	0.000288192770683436	Cdh1	Up_MHCneg
13.8153296390671	7.26112341678726	1.55813594176781	4.66013473031695	3.16002471431963e-06	0.000289678464648875	Stac2	Up_MHCpos
32.391317786451	5.45827674875364	1.17375319787092	4.65027636018751	3.31490530377533e-06	0.000301150971072576	Gm13994	Up_MHCpos
526.319345133078	4.12987728083524	0.889112905705423	4.64494132784924	3.40173117202902e-06	0.000307659249170249	Dmpk	Up_MHCpos
257.859317249139	3.78243405047518	0.814891388135399	4.64164194829693	3.45651441429954e-06	0.000311224557863531	Adhfe1	Up_MHCpos
26.5293118739506	-4.51497409665889	0.976002000273612	-4.6259885690738	3.72815860790855e-06	0.000334198076272652	F7	Up_MHCneg
1954.66194104339	1.41543154645088	0.307324587450319	4.60565670385775	4.11166220217007e-06	0.000366952266756667	Serpinb9	Up_MHCpos
244.525075353284	2.01843957898623	0.438641525470015	4.60156975977917	4.19318668571051e-06	0.000369666868366759	Cnrip1	Up_MHCpos
60.1421283892816	5.1366291109738	1.11632132832091	4.60138938552751	4.19682016507995e-06	0.000369666868366759	Gm10644	Up_MHCpos
2532.69124001044	-1.53074735115838	0.332593406431301	-4.60245850205861	4.17532773444592e-06	0.000369666868366759	Il1rl1	Up_MHCneg
190.243408442918	4.22217730509556	0.918792679699717	4.59535366180265	4.3201589869104e-06	0.000378883553748129	Tnc	Up_MHCpos
146.491296688907	2.73918765814464	0.596838930441329	4.58949227075245	4.44325449834401e-06	0.000387999538284273	Cp	Up_MHCpos
1242.46163121586	1.84837921805498	0.402820746441095	4.58858992339727	4.46250072554402e-06	0.000388007734758782	Myo10	Up_MHCpos
29.8170753932309	-6.27391519761982	1.37113168936496	-4.57572036754952	4.74584107313662e-06	0.000409131890641169	Cela3b	Up_MHCneg
2024.81552230026	-3.60369339360268	0.788050099474662	-4.57292422906236	4.80964104856573e-06	0.000412875076283445	Itk	Up_MHCneg
308.702847353066	3.35193199022306	0.73428823301673	4.56487226610193	4.99798563735867e-06	0.000427232873532698	Yes1	Up_MHCpos
5407.8250508151	5.94261756471435	1.30434818467565	4.5560055470864	5.21355600269262e-06	0.000443787525456092	Cd5l	Up_MHCpos
2835.86769140051	5.61302424932308	1.23355522819869	4.55028207980564	5.3574046423495e-06	0.000454124103135391	Igf1	Up_MHCpos
15237.4016949221	1.1825118573114	0.260104462293017	4.54629592620853	5.4598257240041e-06	0.000458965183994187	Tgtp2	Up_MHCpos
92.7423522126737	-5.72695574033673	1.26003981926247	-4.54505933287794	5.49197815902131e-06	0.000459760270758731	Gm29721	Up_MHCneg
1179.58725966442	2.56440920118175	0.564569233691952	4.54224043420152	5.56595076578583e-06	0.000464035376806811	Lax1	Up_MHCpos
5143.75751481721	4.21786734616705	0.929006535783791	4.54019125130103	5.62032242794374e-06	0.000466648000277509	Lgmn	Up_MHCpos
685.409777665957	6.10532278607434	1.34695746735585	4.53267674298536	5.82409084940021e-06	0.000479635189097556	Pdgfc	Up_MHCpos
122.026804117226	4.96451510104664	1.09729861976972	4.52430633886015	6.0593906621949e-06	0.000496992694029986	Ccn5	Up_MHCpos
685.91644389056	2.16945637095054	0.479840048871305	4.52120738161311	6.14879130433027e-06	0.000502291786429141	Ppfibp2	Up_MHCpos
1445.99570311091	-2.17123745981182	0.481537651993908	-4.50896716138676	6.51439902446669e-06	0.000527900839346682	Chst13	Up_MHCneg
421.150189326405	-1.47840238823435	0.328207848657903	-4.50446993964278	6.65388153871182e-06	0.00053705572148511	Card9	Up_MHCneg
121.756149551816	-6.87175316254311	1.5281467170362	-4.49678887893086	6.89874277113499e-06	0.000552417509092584	9830166K06Rik	Up_MHCneg
8651.969598725	-5.00095019971944	1.11456304283502	-4.48691550636648	7.22617153919446e-06	0.00057635830398638	Ccl3	Up_MHCneg
41.069897831761	2.67826268008414	0.597199300133721	4.48470498790679	7.30148835272594e-06	0.000580081774658332	Gm15411	Up_MHCpos
59.5192952864081	4.4263553486218	0.987954307005009	4.48032395550796	7.45298308955857e-06	0.000585232497718477	Alpk2	Up_MHCpos
787.794916648766	1.87932994292533	0.419331076441627	4.48173304700668	7.40393222858544e-06	0.000585232497718477	Ctsf	Up_MHCpos
14.8256007848322	7.35935287436763	1.6424028337204	4.48084521243614	7.43480188943912e-06	0.000585232497718477	Igkj4	Up_MHCpos
431.425498861769	1.1232040972546	0.250889988695683	4.47687890255752	7.57421829728375e-06	0.000585672093452945	4933412E12Rik	Up_MHCpos
322.35495620048	1.42919193083116	0.319066267632785	4.47929497980034	7.48899815956428e-06	0.000585672093452945	Gem	Up_MHCpos
505.4020090819	1.96570322990374	0.439043177130276	4.47724354299773	7.56129751288696e-06	0.000585672093452945	Hoxa10	Up_MHCpos
992.841016871177	2.38874573020781	0.533502035092721	4.47748194586108	7.55286126754711e-06	0.000585672093452945	Il18bp	Up_MHCpos
13.3706896809571	3.85228775869139	0.861321539640006	4.47253154762793	7.72989919077748e-06	0.000595437367703273	Gm56794	Up_MHCpos
2007.61626484375	1.53790146423121	0.344041492739775	4.47010461437115	7.81813471066634e-06	0.000599952996603747	Oasl2	Up_MHCpos
155.985024812358	-6.52119670623265	1.45948871828891	-4.46813779682932	7.89034747804371e-06	0.000603209620972406	Inpp5j	Up_MHCneg
381.056584837853	1.82111128343689	0.408197035999135	4.46135352007003	8.1443606978399e-06	0.000617964806657448	Cd200	Up_MHCpos
2225.08728406473	1.08761605044483	0.243856730454421	4.46006164528688	8.19360821404558e-06	0.000619381749284886	Gbp2	Up_MHCpos
211.65033874976	2.94293669694953	0.660735954123245	4.45402838847271	8.42739502670661e-06	0.000634686229910964	Shisa8	Up_MHCpos
8.73343724072612	-5.8396391153379	1.31160284928501	-4.45229218472743	8.49584507624958e-06	0.000637471575554594	Gm57365	Up_MHCneg
33.4982198378624	2.84189320062935	0.64039341342069	4.43773021563299	9.0912465497404e-06	0.000677311124274181	Gm29946	Up_MHCpos
132615.591076956	-2.92441557791845	0.658997556692924	-4.43767286876475	9.09366828582739e-06	0.000677311124274181	Mcpt8	Up_MHCneg
63506.7589465619	4.70238129624554	1.06227857526242	4.42669315352038	9.56886993298785e-06	0.000710094270961175	Cd74	Up_MHCpos
83.7218943492354	-4.70557687000874	1.06510357788932	-4.4179523641575	9.96403733924537e-06	0.000734041572566444	Wdr95	Up_MHCneg
1049.81290541956	5.59416208621514	1.26646488025809	4.41714742620822	1.00012019164064e-05	0.000734109962407529	Abcc3	Up_MHCpos
1101.52519307712	2.84236818443579	0.643863870580699	4.41454834524612	1.01221094470483e-05	0.000738789955962258	Marcks	Up_MHCpos
1649.01458999056	4.41607594059191	1.00042243795772	4.4142112102233	1.01378946521303e-05	0.000738789955962258	Sdc3	Up_MHCpos
470.19332744504	-4.93048099943416	1.11832868543007	-4.408794179806	1.03947752905834e-05	0.000754794812229137	D430036J16Rik	Up_MHCneg
68.1288796298265	3.84400232007823	0.872479682114196	4.40583591673267	1.05376710276287e-05	0.000762438133388324	Arhgef26	Up_MHCpos
314.164948839153	2.09309926105081	0.47605155831591	4.39679111324706	1.09862980650123e-05	0.000792069083626637	Pde1b	Up_MHCpos
16.5314489477959	5.99724097699672	1.3658122249514	4.39097034529041	1.12845931817949e-05	0.000810689976134693	Ighj3	Up_MHCpos
188.863379375702	1.6650336726173	0.379371110171189	4.38893112305248	1.13909135764365e-05	0.000815436459876424	Rnf150	Up_MHCpos
3398.45982087638	5.81912248879409	1.32682451651729	4.3857514059722	1.15586069965114e-05	0.00082452753219128	Itgad	Up_MHCpos
14.8988674301244	5.4391166783682	1.24046296795357	4.3847473232847	1.16120485368274e-05	0.000825433302833637	Insrr	Up_MHCpos
14.2129878106081	7.29662746329313	1.66468423225931	4.38319011010885	1.16953968182041e-05	0.000828451203286705	Gm15523	Up_MHCpos
352.463908258095	-3.16824853287209	0.723223541730565	-4.38073202828954	1.18281263788146e-05	0.000834933840795836	Samd13	Up_MHCneg
404.133169993427	1.39648475819269	0.318984975632486	4.37790135859449	1.1982755773006e-05	0.000842911976407389	Slc22a17	Up_MHCpos
8745.03045473614	-3.75733880465331	0.858968962573624	-4.37424280546256	1.21854692714123e-05	0.000854205612351353	Cd200r3	Up_MHCneg
46.5110432708728	9.01112679521622	2.06153274232532	4.37108109427944	1.23632860850368e-05	0.000863682113092277	Slc39a12	Up_MHCpos
3299.48538353132	1.10653552186324	0.253323918387491	4.36806571170533	1.25351781774622e-05	0.000872681012705179	Tmem176a	Up_MHCpos
182.10556450867	5.07054018396867	1.16114649056012	4.36683934817107	1.26057374323388e-05	0.000874587789869016	Col1a1	Up_MHCpos
69.5097261635498	4.2265949097001	0.968548452315869	4.36384457545103	1.27796389369107e-05	0.000880621446336303	Snta1	Up_MHCpos
504.593014273955	4.3770245814016	1.00472344739682	4.35644713253403	1.32190602773374e-05	0.000907482998612193	Prdm1	Up_MHCpos
39.7114247519761	-4.82694375276248	1.10816832204325	-4.35578572022573	1.32590437627331e-05	0.000907482998612193	Rhou	Up_MHCneg
94.0978298275618	2.77332372841265	0.638283244073256	4.34497341762329	1.39292529879469e-05	0.000950143893208138	2210408F21Rik	Up_MHCpos
29.301577665386	-6.44054248533309	1.48278162494687	-4.34355428808599	1.40195812305081e-05	0.000953096295801555	Mkx	Up_MHCneg
383.991353483385	-3.84841267719948	0.887657793868525	-4.33546880766699	1.45449799561652e-05	0.000985507521511543	Grm6	Up_MHCneg
50.978921693264	7.6825148991084	1.7738724444448	4.33092859814557	1.48481828309373e-05	0.0010026977865732	Krt222	Up_MHCpos
118.510354057353	1.45957239181479	0.337284263754136	4.32742510892458	1.50862615941165e-05	0.00101539061008374	Batf2	Up_MHCpos
166.134231578989	5.76146465254643	1.33215358896732	4.32492521903027	1.52583614270243e-05	0.00102050284547083	A4galt	Up_MHCpos
744.943292446454	1.34138366746551	0.310156642041356	4.32485875084582	1.52629627413822e-05	0.00102050284547083	Serpina3f	Up_MHCpos
120.521818479835	2.17887730269692	0.50537014275878	4.31144841838614	1.62188612337519e-05	0.00107028635092697	Cyp7b1	Up_MHCpos
11056.0779936562	-1.75652001948183	0.407360667566749	-4.31195291870935	1.61818895888163e-05	0.00107028635092697	Ero1a	Up_MHCneg
6.85673703625286	-5.48493337944163	1.27204658073582	-4.31189664160634	1.61860097983928e-05	0.00107028635092697	Gm5768	Up_MHCneg
24.9086475424456	7.3808989633223	1.71139577859171	4.31279488687063	1.61203658985825e-05	0.00107028635092697	Lrrc3	Up_MHCpos
642.992596982046	2.34849330869464	0.54525744350776	4.3071274618211	1.65388316054937e-05	0.00108785775810291	Mcoln2	Up_MHCpos
81.6633060409035	5.05520389767681	1.17444552819518	4.30433236477588	1.67490058029686e-05	0.0010981168561888	Prlr	Up_MHCpos
284276.284818361	-3.12824327343186	0.727341085889109	-4.30093024321302	1.70082599408949e-05	0.00111151721981481	Prss34	Up_MHCneg
1295.23575657973	-1.12207440045371	0.261040509488151	-4.29846847393102	1.71982357314314e-05	0.0011167277489842	Gstm4	Up_MHCneg
473.523902980507	6.06619744336463	1.41106997252679	4.2990054082874	1.71566286517458e-05	0.0011167277489842	Hepacam2	Up_MHCpos
15.2174683931386	6.66979243602347	1.55251735183397	4.29611458328921	1.73817762675358e-05	0.00112503963387862	Gm57346	Up_MHCpos
12401.3657301443	-1.11528516505047	0.25974657180177	-4.29374354130695	1.75685401167589e-05	0.00113350654211917	Pgd	Up_MHCneg
175.968170574215	1.5937250346777	0.371484447437623	4.29015277939813	1.78550243406239e-05	0.00114833313687841	Hectd2	Up_MHCpos
17.5756518136753	-6.85439351209997	1.59838023003847	-4.28833726999677	1.80015610897008e-05	0.00115409375353243	E330011O21Rik	Up_MHCneg
2155.85976911444	-3.38159940095135	0.789251159575443	-4.28456690867631	1.83095502463824e-05	0.00117013620959451	Clec5a	Up_MHCneg
41.756321158521	7.45071931596136	1.74928375582688	4.25929715012955	2.05070704693855e-05	0.00129836042387085	Gm47206	Up_MHCpos
42.8952051089599	-5.76037419020937	1.35242750841261	-4.2592849926356	2.05081857761327e-05	0.00129836042387085	Unc93a	Up_MHCneg
378.851260779035	1.36904735233083	0.321579408966944	4.25726061481618	2.06947062288353e-05	0.00130608739404976	Nsg1	Up_MHCpos
709.969099482249	3.46322485461991	0.813666670504043	4.25631893275724	2.07820195175616e-05	0.0013075246379077	Gpr137b	Up_MHCpos
115.869423362684	3.29733375950142	0.774897005249194	4.25518970542549	2.08871845994371e-05	0.00131007267120742	Mical2	Up_MHCpos
81.3410080530291	5.27829312102444	1.24178520931956	4.25056852136022	2.13228589213886e-05	0.00132916861196434	Zmynd15	Up_MHCpos
15761.0132481613	1.46798938089073	0.346054191178624	4.24207947284474	2.21458237979502e-05	0.00136734553196362	Adgrl4	Up_MHCpos
289.609425424323	4.08541694046865	0.963145174328307	4.24174574026994	2.21787870287597e-05	0.00136734553196362	Cdk14	Up_MHCpos
2230.17059025493	5.25161586699746	1.23815707398178	4.24147790078753	2.2205275680736e-05	0.00136734553196362	Mertk	Up_MHCpos
2639.33690554141	1.84147560036647	0.434051170171574	4.24253112746721	2.2101287492066e-05	0.00136734553196362	Myo9a	Up_MHCpos
4106.34980898787	-1.36582640184676	0.322364560872593	-4.23689998103288	2.26627026669564e-05	0.00139128391918142	Far2	Up_MHCneg
1055.6783184972	2.41096656014846	0.569575798246983	4.23291608872574	2.30680590670031e-05	0.00141189066053902	Lima1	Up_MHCpos
77.4746640850841	6.24893517299556	1.47999014039524	4.22228162366457	2.4184166956052e-05	0.00147131242751549	Angptl7	Up_MHCpos
380.343169891493	1.21991289802459	0.288883556461269	4.22285336336943	2.41228773749192e-05	0.00147131242751549	Lrrn3	Up_MHCpos
47.6596893693005	5.44739869914991	1.29228816946772	4.21531267394765	2.49432362226984e-05	0.00151294916956781	Acot4	Up_MHCpos
3244.4797730786	1.23748238113995	0.295948495442843	4.18141129350308	2.89705274810801e-05	0.00175198183952	Epsti1	Up_MHCpos
617.622081804648	2.28770877349454	0.547880921582073	4.17555838025625	2.97256005021988e-05	0.00179229446599418	Ephx1	Up_MHCpos
122685.905261547	-2.24963623576786	0.539902674700416	-4.16674400995726	3.08981134250792e-05	0.00185746255156878	Elane	Up_MHCneg
10.5133967365352	6.86329524478581	1.64832365906161	4.16380315058579	3.12989985599761e-05	0.001875995301262	Egfl6	Up_MHCpos
41.5913310598508	-5.36827715067586	1.29101130461188	-4.15819530897891	3.20771718147171e-05	0.00191132771704222	Acvr1c	Up_MHCneg
58.3507957642102	4.89845560965023	1.17783539957986	4.15886261475715	3.19836185411975e-05	0.00191132771704222	Gm35551	Up_MHCpos
1016.71161215826	2.48291651125227	0.597247153175343	4.15726805569775	3.22076002768555e-05	0.00191347147803172	Sdc1	Up_MHCpos
30.2197937088522	-6.28884765468849	1.51530653370641	-4.15021483429237	3.32163362853603e-05	0.00196763086785121	Klra6	Up_MHCneg
821.940758318413	1.31022964799241	0.316430707236758	4.14065265483885	3.46319041914045e-05	0.00203955740410949	Plekha5	Up_MHCpos
59.213896553248	5.4527417425949	1.31960675367898	4.13209596525102	3.59470272472679e-05	0.0021108719565287	Fap	Up_MHCpos
32.7422504879006	5.3809166913341	1.30276497527959	4.13038175990209	3.62161327544059e-05	0.0021205278424032	C1qtnf7	Up_MHCpos
236.024386084683	2.08524420659024	0.504966588311264	4.12946966167371	3.63600975774649e-05	0.00212282195049528	Emcn	Up_MHCpos
332.347444977607	2.17299460390937	0.52664386865867	4.12611773007793	3.6893845189865e-05	0.00214779428075137	Ttc39a	Up_MHCpos
151.221155501273	3.43668736290094	0.833515219059789	4.12312491039761	3.73766877526395e-05	0.00216966853060379	Fzd1	Up_MHCpos
203.535254791119	2.80103777805661	0.679814096877877	4.12029963915237	3.78379989486895e-05	0.00218002214254851	Rab34	Up_MHCpos
3003.09234032769	-2.16244013933676	0.524839158197607	-4.12019588394084	3.78550425955256e-05	0.00218002214254851	Slc41a3	Up_MHCneg
6024.74065055644	-3.28504190131987	0.801164148985233	-4.10033562470407	4.12551381973833e-05	0.0023411424222431	Cyp11a1	Up_MHCneg
35.5324698789565	-6.51991652649274	1.59164609547942	-4.09633557674067	4.19741363154368e-05	0.00236878219247817	Gm2792	Up_MHCneg
332.641615582183	1.20845864675098	0.295010440452165	4.09632501445971	4.19760505009952e-05	0.00236878219247817	Nab2	Up_MHCpos
140.647379102774	2.00000399644471	0.48834372091411	4.09548420669971	4.21286947662271e-05	0.00237079229796943	C030037D09Rik	Up_MHCpos
8.16075005391336	-4.97865222035146	1.21968579059021	-4.0819137672681	4.46663707072576e-05	0.0025066371306325	4833447P13Rik	Up_MHCneg
19.5013452600403	4.30849198299898	1.0591842689083	4.06774544285834	4.74701971791975e-05	0.00265662631119714	Fxyd1	Up_MHCpos
587.127544488329	4.65192507083088	1.14387143031707	4.06682512346815	4.76579789435425e-05	0.00265978786616316	Gm6377	Up_MHCpos
586.87611836571	-1.6275679955135	0.40028976844604	-4.06597451099453	4.78321638307275e-05	0.00266217529408437	Dio2	Up_MHCneg
151.309710191109	4.63817968581057	1.14170717434877	4.06249499873396	4.85509882244922e-05	0.00269030453779572	Sema3d	Up_MHCpos
11.5084347323425	7.00024982633714	1.72324686021938	4.06224435275975	4.86031620925631e-05	0.00269030453779572	Shisa9	Up_MHCpos
101.414033419066	3.86737384849476	0.953105554965599	4.05765534399215	4.95678459622057e-05	0.00271119355261669	Cacna1h	Up_MHCpos
16.4761353227886	-7.49228750887585	1.84606319279765	-4.05852168988947	4.93843472861036e-05	0.00271119355261669	Gm16325	Up_MHCneg
36.3391280840542	-7.90748956678237	1.94896805264164	-4.05726997734238	4.96496770828172e-05	0.00271119355261669	Gm27162	Up_MHCneg
6141.40059303088	3.96676764183272	0.977397152514263	4.05850132837872	4.93886526104733e-05	0.00271119355261669	Lpl	Up_MHCpos
368.511366499391	1.41089584400995	0.347663236141512	4.05822559689822	4.9446989489885e-05	0.00271119355261669	Zfp619	Up_MHCpos
37.3209426135195	-7.94208136874263	1.9586200696609	-4.05493719367312	5.01477750720067e-05	0.00273103165371985	Pla2g3	Up_MHCneg
171.883754031701	2.85074573505606	0.703344360876563	4.05312943933074	5.05370218843936e-05	0.00274485127709364	Fsd2	Up_MHCpos
30698.3902950604	6.74160162874545	1.66600583155707	4.04656544475877	5.19745984705954e-05	0.00281538339683367	Ighg1	Up_MHCpos
21.5491627980916	2.94258882865654	0.727728708326789	4.04352445490602	5.26536614480114e-05	0.00283979321726185	4732463B04Rik	Up_MHCpos
6697.74185213557	-3.63222341170381	0.898332858332726	-4.04329350531059	5.27055752845874e-05	0.00283979321726185	Alox15	Up_MHCneg
519.714380521007	-1.85559125749226	0.45976486094057	-4.03595710576089	5.43801515758217e-05	0.00292224798613945	Pnp2	Up_MHCneg
83.037366600895	2.0642853760103	0.512269489001969	4.02968636690046	5.58513209015466e-05	0.00298619720963105	Mir155hg	Up_MHCpos
346.688755314798	-2.94882939218406	0.731786845694664	-4.0296288591862	5.58649855595128e-05	0.00298619720963105	Tarm1	Up_MHCneg
810.032107604507	-1.43434091354535	0.356191165689136	-4.0268851440217	5.65206241102858e-05	0.00301329295750074	Mcf2l	Up_MHCneg
1839.69217595903	-2.8404277742793	0.706201943455742	-4.02211831983908	5.76770701140678e-05	0.00306687601952992	Csf2rb2	Up_MHCneg
1669.64636995746	-2.14942316654561	0.534679272531376	-4.02002336161157	5.81923706215846e-05	0.00307811811076418	Pde2a	Up_MHCneg
478.100042839446	5.33275664168006	1.32680858636483	4.01923585397549	5.83872004091993e-05	0.00308038097158846	Ubd	Up_MHCpos
23291.4134005953	-3.16016796995472	0.786825569541229	-4.01635139005117	5.91061064927121e-05	0.00311020938035287	Fcer1a	Up_MHCneg
2019.71708573135	-1.53669968947135	0.382891916202677	-4.01340332465501	5.98495209762008e-05	0.00314116954781568	Chdh	Up_MHCneg
1230.59453303459	1.07840594837101	0.268924633662342	4.01006755567451	6.07013780970276e-05	0.00317764656038161	2610008E11Rik	Up_MHCpos
161.684780008575	-3.33489530313943	0.832080687773287	-4.00789893593597	6.12613237474197e-05	0.00319869370566746	Prss28	Up_MHCneg
1381.14528154607	1.83185168925937	0.457373364687176	4.00515602939029	6.19765585117363e-05	0.00322559567834887	Jup	Up_MHCpos
267.245756715132	-2.04993952592765	0.511882810225052	-4.0047047585489	6.20949856634612e-05	0.00322559567834887	Mgam	Up_MHCneg
208.735259511394	-5.73183652934883	1.43305581983225	-3.99973012218029	6.341475828806e-05	0.00328572784695091	Dnase2b	Up_MHCneg
8843.72417958276	-3.35067103095332	0.837949944592056	-3.99865296558322	6.37040044846088e-05	0.00329229445625941	Cyp4f18	Up_MHCneg
71.3562379176021	-4.49276539305838	1.12464446545759	-3.99483172775884	6.47402175162684e-05	0.00332886311335554	Cfap57	Up_MHCneg
103.354765518795	3.63449863660468	0.910137616917153	3.99335064175852	6.5146120420401e-05	0.00334125380657444	Bdh2	Up_MHCpos
4418.94931500066	3.17504815713133	0.796501761946686	3.98624122233122	6.71282665058449e-05	0.00342557065778819	Fcgrt	Up_MHCpos
298.430382773341	-4.38016417704387	1.10411453101938	-3.96712845813184	7.27437889462649e-05	0.00368429105065595	Gm29719	Up_MHCneg
1005.86941504896	1.10921687456071	0.280068729869788	3.96051667416217	7.47877703261639e-05	0.00376396634200156	Gm12250	Up_MHCpos
114.048052303885	2.03913416066544	0.514901590024408	3.96024055891685	7.48742996113642e-05	0.00376396634200156	Gm47512	Up_MHCpos
22326.4494459463	-1.6442104859177	0.415640406062632	-3.95584852178672	7.6263475354475e-05	0.00382348365878894	Gstm1	Up_MHCneg
872.897692699838	-5.03530807249753	1.27305040011601	-3.95530928864927	7.64357017527775e-05	0.00382348365878894	Hrh4	Up_MHCneg
137.34628117084	2.47737880710532	0.62694180226193	3.95152915018146	7.76534111066328e-05	0.00387482870839723	Dnajb13	Up_MHCpos
697.363823904803	1.34565221772526	0.340663950682724	3.95008692592345	7.81228156395296e-05	0.00388867351852882	Thsd1	Up_MHCpos
3566.07819207065	4.46671590133456	1.13152768303569	3.94750916685586	7.89684953398712e-05	0.00392113418404522	Iglc3	Up_MHCpos
230.979286496593	2.45094885346869	0.621221872634073	3.94536792961958	7.96775390619094e-05	0.00394666812678538	Col4a2	Up_MHCpos
258.200842865042	3.42312046274488	0.86815221983774	3.94299569191296	8.04701014533692e-05	0.00397620435449709	Smagp	Up_MHCpos
3353.14503478486	-1.97018452286482	0.500101901444546	-3.93956615076634	8.16290925404735e-05	0.00402365884617385	Papss2	Up_MHCneg
660.477558080761	2.75201438832807	0.699607608770317	3.93365417103627	8.36641336375332e-05	0.00411396039651161	Bcl2a1b	Up_MHCpos
1050.3276978651	-1.79453484463454	0.456519250498815	-3.93090727866075	8.46259063241453e-05	0.00414302119651261	Afap1	Up_MHCneg
18.1296917833467	-3.99006351684771	1.01522684809036	-3.93021867413475	8.4868640927624e-05	0.00414302119651261	Gm37140	Up_MHCneg
101.317801895543	1.0776888425714	0.274327568577999	3.92847444446688	8.5486432940043e-05	0.00416314818493349	Gm37829	Up_MHCpos
30.1298370027849	8.38401717293611	2.13516392343241	3.92663864395867	8.61412472228088e-05	0.00418497728414121	Bglap2	Up_MHCpos
1684.43804202384	5.10680714446165	1.30203901274525	3.92216139030606	8.77581752051585e-05	0.00425333222842418	Cd83	Up_MHCpos
1846.98527221366	-1.86894968306085	0.477278860230668	-3.91584425540572	9.00883936237386e-05	0.00435584908454253	Myo1d	Up_MHCneg
5.47878187158366	5.92916136481995	1.5167072689303	3.9092325106358	9.2589815364311e-05	0.00446613587967995	Gm48798	Up_MHCpos
65.143519807737	4.85275928748069	1.24190446814277	3.90751415423912	9.32505803013533e-05	0.00448732424305253	Zfp532	Up_MHCpos
7897.17999492576	-1.18389521383525	0.303249023705388	-3.90403635721323	9.46015599446752e-05	0.00453081088160562	Adss1	Up_MHCneg
52389.0937216465	-1.6948691268151	0.434243321301531	-3.90304017050895	9.49919294423205e-05	0.00453877711927352	Ctsg	Up_MHCneg
25.9338983367323	-2.59942006009175	0.66659607565874	-3.89954299914377	9.63744213737838e-05	0.00459399859437997	Hopxos	Up_MHCneg
97.052204284214	2.74611305637625	0.705168460467736	3.89426528599245	9.84968103519315e-05	0.00468414760779291	Islr	Up_MHCpos
12.1972555911511	-4.58625448233918	1.17874136575832	-3.89080642757345	9.99116155898725e-05	0.00474030309188578	Gm38575	Up_MHCneg
361.093912020133	1.15749377421059	0.297568952006117	3.88983382307573	0.00010031289046519	0.00474822160732307	Zfp867	Up_MHCpos
9.97599993848827	-6.02356033310456	1.54964414995096	-3.88706035078776	0.000101465534134202	0.00478044245587163	Gm47603	Up_MHCneg
347.35757294853	2.48344077542195	0.638874630079502	3.88721144728021	0.000101402418415486	0.00478044245587163	Itgb5	Up_MHCpos
25.5109235771935	-5.42858695999346	1.39702122388083	-3.88582998396634	0.000101980862566062	0.00479357376966555	Rnf39	Up_MHCneg
126.510107111113	2.9472140224497	0.75933368575949	3.88131605079772	0.000103892719648303	0.00487213566517356	Kynu	Up_MHCpos
51.3012614236894	4.47967267766358	1.15533185306604	3.87739043615508	0.00010558284904051	0.0049399605974866	A730020E08Rik	Up_MHCpos
2098.76024438601	1.25187539908546	0.323638572472946	3.86812792282388	0.000109674127752558	0.00509707656413465	Egfl7	Up_MHCpos
74.7769394071789	2.14848771195075	0.555440360489127	3.86807993221589	0.000109695709658063	0.00509707656413465	Gm3512	Up_MHCpos
14.1419805994918	-5.82851864288455	1.50931817985992	-3.86168981508293	0.000112605475742972	0.00520838888830338	Unc80	Up_MHCneg
321.506919362988	-2.4119462933411	0.624975704741425	-3.85926408825605	0.000113728985379408	0.00524837247107385	1110028F11Rik	Up_MHCneg
47.747739120603	7.60586919134004	1.9760243186439	3.84907671407595	0.000118563874635365	0.00544667922049402	Col3a1	Up_MHCpos
5696.45630428266	-1.25657948116708	0.326450518189262	-3.84921882843686	0.000118495114321341	0.00544667922049402	Nin	Up_MHCneg
1113.02227730281	-1.33386681229174	0.346648467659435	-3.8478947312186	0.00011913722228227	0.00546063571542195	Dram1	Up_MHCneg
2718.01229528061	1.07334959375277	0.280538446955921	3.82603384812143	0.00013022439188932	0.00594192782722011	Fchsd2	Up_MHCpos
191.399348147598	1.51290353720544	0.39550836388557	3.82521249953429	0.00013065933514826	0.00594587535944448	Dip2c	Up_MHCpos
22185.4020906136	-3.0478184238587	0.796864627781819	-3.82476309977858	0.000130897892803803	0.00594587535944448	F13a1	Up_MHCneg
1835.76560661577	-2.0924458068422	0.547300759062069	-3.82321013116829	0.000131725428371347	0.00597007931403832	Cldn15	Up_MHCneg
261.616428999661	4.74461798017296	1.24381497579446	3.8145689451459	0.000136420847504984	0.0061690847089363	Batf3	Up_MHCpos
62.4130105416206	2.85768210960395	0.749533090002459	3.81261634438924	0.000137503467314243	0.00617668014261472	Gm55122	Up_MHCpos
403.78728542346	-2.87919875359876	0.755120982376176	-3.81289729830926	0.000137347195427858	0.00617668014261472	Il4	Up_MHCneg
357.930368834231	2.45861056783895	0.644983734558393	3.81189545736733	0.000137905204906991	0.00618080820335339	Zdhhc23	Up_MHCpos
27.5671755231774	-4.88981822915355	1.28337656245681	-3.81011962677019	0.000138899565584028	0.00619816365455248	F830045P16Rik	Up_MHCneg
224.09019752825	-4.1552602079302	1.09134121450648	-3.80748033034681	0.000140389901562838	0.00625089893573964	Htr1b	Up_MHCneg
9.1063797234854	-6.63646959494565	1.74447755021215	-3.80427343082666	0.000142221016210197	0.00629568158151784	Gm19385	Up_MHCneg
1220.69178963399	1.21598448145955	0.319652093479103	3.80408733828312	0.000142327961120251	0.00629568158151784	Trp53i11	Up_MHCpos
1155.93123609524	2.21802397066229	0.585235883028477	3.78996578129226	0.000150668039012157	0.00663561696162453	Tmem86a	Up_MHCpos
19.2342755115316	-7.71281485627059	2.03647020651027	-3.78734480456131	0.000152265731400143	0.00669143482090131	Slc6a19	Up_MHCneg
4579.22813025152	1.23910363337822	0.328182282352882	3.77565670058282	0.000159586660371998	0.00698286426020799	AW112010	Up_MHCpos
346.21880707762	2.77540738139648	0.735816460744924	3.77187454951296	0.000162025716754404	0.00705909461446766	Bcl2a1d	Up_MHCpos
231.267114035781	1.66393320851854	0.441274665913149	3.7707426622267	0.000162762447152389	0.00707597514347693	Bex1	Up_MHCpos
338.80476350132	1.21379023660421	0.322267575510251	3.76640508956693	0.000165615000896423	0.00718457024231397	A530040E14Rik	Up_MHCpos
47.0458960701592	7.19636042480652	1.91357896723263	3.76068118851332	0.000169451284140644	0.00731964512879598	Bglap	Up_MHCpos
176.128100279319	1.5688931892298	0.41725476226927	3.76003662773618	0.000169888481061767	0.00732291646346882	Cadps2	Up_MHCpos
2415.68161567668	-3.70903713788554	0.98795814162562	-3.75424522721435	0.000173864585002073	0.00746254793973941	Gm53692	Up_MHCneg
10153.3121160126	1.0342621258223	0.276912366459427	3.73497991095981	0.000187730172418748	0.00800679065901351	Tmem176b	Up_MHCpos
8920.65015631643	-1.31524795662388	0.352414923402656	-3.73210062708134	0.000189889611569731	0.00807818140241472	Cst7	Up_MHCneg
248.193208395251	-1.5560293387784	0.416977419549046	-3.73168729486891	0.000190201516804967	0.00807818140241472	Gm1604a	Up_MHCneg
456.933482635648	2.55382143460316	0.684495330622947	3.73095523132199	0.000190755122312931	0.00808474481786124	Adam22	Up_MHCpos
1281.72827587036	1.20027917499693	0.321757639998393	3.73038282790402	0.000191189043281474	0.00808621884726386	Atosa	Up_MHCpos
9355.62893512387	-1.46606043230609	0.393274963283972	-3.72782548897599	0.000193139036251866	0.00813472710067889	Anxa3	Up_MHCneg
1370.50883998822	-3.19950418222103	0.858172651814993	-3.72827562781713	0.000192794451655414	0.00813472710067889	Id1	Up_MHCneg
487.318421904374	3.21783371497962	0.864101164098671	3.72390855223079	0.000196162005489248	0.00824490885727524	Sparc	Up_MHCpos
18.685807197468	7.69427643034096	2.06990973508063	3.7172038470756	0.000201439905563076	0.00843175836116189	Wnt10a	Up_MHCpos
39.174551024955	-1.77467274447243	0.477890316346136	-3.71355661282542	0.000204366721254402	0.00853662970287203	Lrig1	Up_MHCneg
1550.64982983372	-3.41215287416499	0.919299623747827	-3.71168744772703	0.000205882116778902	0.00858223416424646	Il6	Up_MHCneg
11.9308817598479	-6.29079121333128	1.69544709520284	-3.71040254286357	0.000206929947456594	0.00860820083269639	Ano4	Up_MHCneg
1137.55858319642	1.28974716452213	0.347779971645857	3.70851477852057	0.000208478494786462	0.00865484800385029	Abcg1	Up_MHCpos
37.7776671235476	-3.80142827689709	1.0253653203274	-3.70738916319434	0.000209407018399682	0.00867561714879174	Gm57053	Up_MHCneg
72.1229914635926	-4.1624085055797	1.12316257342519	-3.70597151655976	0.000210581966080085	0.00870648989962541	B630019A10Rik	Up_MHCneg
1015.0222942799	3.36051247226298	0.906944115366275	3.705313718151	0.000211129250738753	0.00871133908496209	Gbp8	Up_MHCpos
48.1911760658822	5.60201038671403	1.51557112467685	3.6963031925727	0.000218761698993944	0.00898964150084849	Clip4	Up_MHCpos
65.5371423358181	2.14113218654648	0.580203171212913	3.69031451874083	0.00022397695227189	0.00916676581025499	Mmp15	Up_MHCpos
2347.2566674332	1.08239552038226	0.293289839930289	3.69053193468799	0.000223785590739031	0.00916676581025499	Ncoa7	Up_MHCpos
453.447797500833	1.36716380165789	0.370588179679611	3.68917271684127	0.000224984448486118	0.00918943536669408	4930555A03Rik	Up_MHCpos
2038.84499225077	2.18394856063354	0.593140036941535	3.68201170822129	0.000231400780867553	0.00939468621161474	Tgm2	Up_MHCpos
84.991742483229	4.16037136661947	1.1324150194247	3.67389278246507	0.00023888300298713	0.00965974203097058	Adcy4	Up_MHCpos
23.6565921385831	-8.01332753403616	2.18103489590259	-3.67409414177207	0.000238694720980005	0.00965974203097058	Tlr5	Up_MHCneg
172.499218444149	1.73390374590267	0.472246420991425	3.67160801825146	0.000241029166254894	0.00970140408326854	Fgfr1	Up_MHCpos
12.2181849212954	3.85916440198995	1.05162703657373	3.66970824044554	0.000242827458003907	0.00974146826079434	Fcnaos	Up_MHCpos
2211.80080896535	-2.58463310014915	0.705317321832338	-3.66449684439133	0.000247825295211556	0.00990274685540615	Cd300lb	Up_MHCneg
147.497794440865	1.52254551495575	0.415606498523581	3.66343048139168	0.000248859779930146	0.00992450842835598	Elmo3	Up_MHCpos
15.7801388012258	-4.33126021420848	1.1829624116919	-3.66136757296776	0.000250872525315704	0.00998512080622955	Gm48942	Up_MHCneg
436.706432145847	1.85120997486977	0.505912576214495	3.65914994389248	0.000253053251685528	0.0100521682860728	Dsel	Up_MHCpos
166.163975418883	3.71957123192829	1.01846933725574	3.65211901415769	0.000260085290074861	0.0102911482258332	Pdlim4	Up_MHCpos
389.259471096538	2.10222667151335	0.576038702451748	3.64945386927269	0.000262798426112951	0.0103782325821097	Samd12	Up_MHCpos
281.577276763208	3.23831320373058	0.887508325016603	3.64876938328437	0.000263499507870986	0.0103856741827983	Tbc1d9	Up_MHCpos
213.617883038936	2.90388305104078	0.798144797468582	3.63829102219398	0.000274453195791383	0.0107546369314074	Nkx2-3	Up_MHCpos
14815.3543328277	-2.03757897246463	0.560475179757926	-3.63544907259708	0.000277496812346482	0.010831999848415	Emilin2	Up_MHCneg
131.908198466305	4.63343415605166	1.2750366943961	3.63396141963287	0.000279102614836683	0.0108320687240926	Fscn1	Up_MHCpos
155.028878514602	1.00626412708414	0.276998089715291	3.63274753309099	0.000280419355554685	0.0108623627613429	ENSMUSG00000121868	Up_MHCpos
325.559051492098	1.64027810150834	0.452299417204463	3.62653153887849	0.000287253748342018	0.0110636381894695	Abhd6	Up_MHCpos
14.6154421107318	3.91147209280983	1.07834158648163	3.62730339054441	0.000286396702448005	0.0110636381894695	Adrb1	Up_MHCpos
23.7205001902451	-2.13820606105175	0.589529791014392	-3.62696863439688	0.000286768113165512	0.0110636381894695	Gstm2-ps1	Up_MHCneg
2348.51463933678	2.22192620403377	0.612825838473366	3.62570581157102	0.000288173276375061	0.0110779931804219	Frmd4b	Up_MHCpos
1576.00505106691	6.38436141373622	1.76243861874911	3.62245887364153	0.000291815867296907	0.0111967758628183	Ms4a7	Up_MHCpos
153.286789620802	4.57728153875369	1.26378864109067	3.62187266915409	0.000292478082342528	0.0112009706430572	F830016B08Rik	Up_MHCpos
20.1662519599391	7.80393097366281	2.15556152217566	3.62037032735031	0.000294181658572424	0.0112449551339976	Rhpn1	Up_MHCpos
12.5515872805321	-5.02774513351986	1.38985601338803	-3.61745755322079	0.000297511101780311	0.0113082127785503	Gm20627	Up_MHCneg
151.557405837756	2.19030672875469	0.605435700201526	3.61773633108457	0.000297190924313752	0.0113082127785503	Nbea	Up_MHCpos
1096.22992639837	2.74158111322598	0.758037923965837	3.61668067856396	0.000298405050806764	0.0113209511690903	Gngt2	Up_MHCpos
806.880248662067	1.30775257981403	0.362004288962544	3.6125333861703	0.000303220051840904	0.0114821215518596	Lpp	Up_MHCpos
12297.0152700812	-2.47630019859507	0.686054749417907	-3.60947898210182	0.000306812630669887	0.0115319426433047	Alox5	Up_MHCneg
8.39219526793068	5.80905610278983	1.609230329157	3.6098350854678	0.000306391740011274	0.0115319426433047	Prss40	Up_MHCpos
1390.96114736073	3.66208168226395	1.01434806234749	3.61028114332752	0.000305865291830126	0.0115319426433047	Treml4	Up_MHCpos
24.7692998602227	5.70330161989654	1.58035695123814	3.60886925920645	0.000307534540166512	0.0115376708319137	Tmem51os1	Up_MHCpos
1273.14791808238	1.29850742352582	0.359907609320911	3.60789099729206	0.000308696122309264	0.0115598424064018	Rtn4	Up_MHCpos
36.475840993119	3.37177376077332	0.934916823887268	3.60649597335718	0.000310359672608156	0.0115922141448183	Speg	Up_MHCpos
166.786716927505	9.201304586167	2.55500505150152	3.6012862599859	0.000316646689725375	0.0117921788366661	Ccl22	Up_MHCpos
467.803370614988	3.13132130910157	0.869965658866684	3.59936197157573	0.000318998899333051	0.0118579792689693	Bcl2a1a	Up_MHCpos
13.2344121544201	-5.68387538312706	1.57957967301664	-3.59834675022891	0.000320246465701658	0.0118825515543038	Gm15401	Up_MHCneg
60.0280468108858	6.99217763159828	1.94731626855869	3.59067386458675	0.000329824130093093	0.0122155521966288	Lad1	Up_MHCpos
3210.09376993962	3.60802632654067	1.00546565181588	3.58841330882316	0.000332696580806721	0.0122994526105171	Iglc2	Up_MHCpos
220.707206250652	1.54408709416267	0.430434795544141	3.5872729392397	0.00033415449653767	0.0123308487164966	Reno1	Up_MHCpos
5852.73645596386	-1.62232750341654	0.452602329109366	-3.58444355911505	0.000337797599718375	0.0124426210412628	Prss57	Up_MHCneg
211.217146357963	1.48011722547473	0.413860367400404	3.57636860657095	0.000348400304861105	0.0128098761818169	Slc38a6	Up_MHCpos
359.046412825776	1.32254820674215	0.369897731074027	3.57544287417504	0.000349635517756068	0.0128320035402539	Bcl9	Up_MHCpos
499.053522868258	2.4924206809332	0.697235316192477	3.57471950007355	0.0003506035718363	0.0128442635837823	Scamp5	Up_MHCpos
11.1148473037985	-3.39219617426239	0.949220105695475	-3.57366658576726	0.000352017113489036	0.0128727702205314	Lgi1	Up_MHCneg
1059.17308702645	1.17034701129036	0.327714323762775	3.5712415553052	0.000355293027283731	0.0129691557472813	Ddah2	Up_MHCpos
552.356300276731	2.07452796808539	0.581076587142314	3.57014550919655	0.000356782984821527	0.0129896251330185	E230029C05Rik	Up_MHCpos
16.3083551460306	7.49843602612678	2.10080550219413	3.56931473108541	0.000357916229782911	0.012994668278086	Adm	Up_MHCpos
4140.81891672336	1.10968092044411	0.311094608465942	3.5670207398197	0.000361062913832841	0.0130388120701239	Gpr171	Up_MHCpos
659.673153614742	-1.32470236086186	0.371802880294294	-3.56291581123126	0.000366758326701639	0.013220919823218	Il3ra	Up_MHCneg
5288.53335917933	-1.73396922063876	0.48714316492771	-3.55946535942072	0.000371610543687354	0.0133720390844798	Aqp9	Up_MHCneg
1983.20813599406	1.50024736381242	0.42161231777116	3.5583575255662	0.000373181125012207	0.0133810201975616	Mc5r	Up_MHCpos
41.0862197671177	-4.05788029222029	1.14025459193423	-3.55874935380601	0.00037262492036924	0.0133810201975616	Tnfaip6	Up_MHCneg
49.328928269731	2.0795793802032	0.585316639218441	3.55291348453721	0.000380989743066825	0.0136368749201251	Gm50462	Up_MHCpos
8.30455463120686	-3.57006939796063	1.00545869401557	-3.55068728254027	0.000384226656836807	0.0137167335188693	Gm16096	Up_MHCneg
6.85501027377091	5.50159533538192	1.54958349575202	3.55037037401587	0.000384689528421325	0.0137167335188693	Gprin2	Up_MHCpos
12.1294644758685	4.40267925923892	1.2404814250544	3.54916983867441	0.000386447742022493	0.0137351663256731	Gm43109	Up_MHCpos
7582.54045938318	3.19671519536717	0.901014799254447	3.54790531522048	0.000388307786808835	0.0137530200226577	H2-Ab1	Up_MHCpos
1167.45059951059	3.11378668303412	0.877560293851451	3.54823105016327	0.00038782785018823	0.0137530200226577	P2ry13	Up_MHCpos
70.0637451484591	3.0409155939149	0.857586138282481	3.54590105666243	0.000391273089025533	0.013832775178248	Pdgfa	Up_MHCpos
177.092578740937	2.41203010511509	0.680383311545297	3.54510474343771	0.000392457098043271	0.013832775178248	Trim7	Up_MHCpos
25.1220364878142	8.12111652071744	2.29184149873244	3.54348960222993	0.000394868881135934	0.0138882789287029	A530076I17Rik	Up_MHCpos
73.0425734148755	1.63855158144023	0.462744372034499	3.54094329496906	0.000398699255479045	0.0139986970827556	Gm57464	Up_MHCpos
3837.86185086566	1.2532598728035	0.354324237123353	3.53704246420826	0.000404634602390854	0.0141580179789919	Glul	Up_MHCpos
133.395384411094	2.48239967101965	0.702069859307404	3.53583000054803	0.000406496187605572	0.0141986314908643	Anpep	Up_MHCpos
366.185137098866	4.95624861801766	1.40296360945807	3.53269934059952	0.000411339985329044	0.0143184480460157	Kcna2	Up_MHCpos
151.889990384555	-5.19834950002773	1.47179294792131	-3.53198424232813	0.000412453932371071	0.0143325972828568	Plg	Up_MHCneg
4.7162454237649	5.70275371602421	1.61589939035893	3.52915147443524	0.000416894433984614	0.0144620964693395	Gm39091	Up_MHCpos
509.152366438401	1.02871359415576	0.292050087101207	3.52238756155299	0.000427678416374706	0.0148108325424533	Vipr2	Up_MHCpos
114.840732092642	1.92980362346158	0.548023150455809	3.52139069646328	0.00042928960638949	0.0148412596174824	Tmem121	Up_MHCpos
7335.18261916474	-2.05921600658649	0.585537895241863	-3.51679374353032	0.000436793054039788	0.0150749411955572	Ets1	Up_MHCneg
966.415754638194	2.32444909981538	0.662911488031403	3.5064245254191	0.000454170218451496	0.0156214506886398	Havcr2	Up_MHCpos
754.375244438172	-1.04036858290896	0.296853984031748	-3.50464753337347	0.00045721216024018	0.0156907150179909	Neto2	Up_MHCneg
1163.6967328686	-2.89163479527857	0.82531302470267	-3.50368249225235	0.000458872120362729	0.0157031930513995	Skap1	Up_MHCneg
18.535595551223	5.41283126012013	1.54521591632406	3.50296110914829	0.000460116637258779	0.0157192292651359	Dpysl3	Up_MHCpos
6.42019251187752	5.40205860800059	1.54443090443341	3.49776645396926	0.000469171786051307	0.0160016013697196	Gm13523	Up_MHCpos
114.296413566846	3.3677425530529	0.96297127812302	3.49724091420167	0.000470097091510063	0.0160062134065586	Cdh11	Up_MHCpos
106.53127342271	3.40106655623555	0.972946369513228	3.49563620648189	0.000472933008850053	0.0160757547421027	Nudt17	Up_MHCpos
1856.08132170474	1.41009316811563	0.403532925752967	3.49436954985639	0.000475182767553736	0.0161251720064843	Arhgap5	Up_MHCpos
159.090725081958	-3.29857041265068	0.944341176833077	-3.49298589701732	0.000477651734417897	0.0161548355385178	Dynlt5	Up_MHCneg
6.16751543854243	-6.06068876047946	1.73623850490543	-3.49070058252714	0.000481755830025573	0.0162664856008135	Gm19466	Up_MHCneg
1599.35653021257	4.49260855725306	1.28811709771553	3.48773303702022	0.000487134204769509	0.0164207185597762	Pparg	Up_MHCpos
1013.8624715529	1.72976885644228	0.497105224470231	3.4796835182847	0.000502006418397622	0.016865917131538	Slc7a7	Up_MHCpos
29.4434605446135	3.4554810604476	0.993688030032623	3.47743049731026	0.000506244280058765	0.0168962156008411	Gm13546	Up_MHCpos
39804.7223582639	-1.88676709593899	0.542426507067935	-3.47838291704776	0.000504448755211591	0.0168962156008411	Prtn3	Up_MHCneg
20.0282034771873	-7.76953708112386	2.23399204834006	-3.47787141270128	0.000505412316255887	0.0168962156008411	Ptch2	Up_MHCneg
496.99592172158	1.93490699509157	0.557735202571089	3.46922156997065	0.000521968786028517	0.017392377691039	Plpp3	Up_MHCpos
12671.4069966421	-1.55121435517116	0.44739257137591	-3.46723315141455	0.000525845565817928	0.0174927837732437	Hk3	Up_MHCneg
23.8001074194486	-2.56883982190801	0.741608050030112	-3.46387801724065	0.000532447898995352	0.017683380304503	2900018N21Rik	Up_MHCneg
7.78281695284097	-4.45086690398117	1.28537468380707	-3.46269998939019	0.000534784321531758	0.0177319076430636	Gm48718	Up_MHCneg
4363.06727710804	-1.37833494645802	0.399126558020336	-3.45337817982984	0.000553612285590951	0.0182962990110719	Plod3	Up_MHCneg
347.561972444792	1.58550774580314	0.459351724093733	3.4516203219466	0.000557231242181242	0.0183560125778045	Slc16a2	Up_MHCpos
6.97722528650222	-3.09149619549826	0.895794625051056	-3.45112161766103	0.000558261945374113	0.0183601116093087	Gm20538	Up_MHCneg
4035.02058734857	-1.12199719972394	0.325288856363228	-3.44923343599291	0.000562180478371528	0.0184590183327857	Slc26a10	Up_MHCneg
74.2780326400785	3.41358144988225	0.989869732796345	3.44851583676471	0.000563676414206543	0.018461207869839	Gm10602	Up_MHCpos
203.236491232379	1.80089423524904	0.522503080692647	3.44666720981189	0.000567547228886679	0.0185152001771582	Basp1	Up_MHCpos
80.5532726173451	3.20074661294747	0.928885578703756	3.44579212588709	0.000569388174442072	0.0185453939325111	Lhcgr	Up_MHCpos
138.820255512678	-2.53535585682907	0.736480003938383	-3.44253183151078	0.000576296037664513	0.0187402591124324	Nebl	Up_MHCneg
17.9849845520075	6.18283033000647	1.79893856962532	3.43693244138638	0.000588342333063279	0.0191013258421939	Kcnh4	Up_MHCpos
196.468665965377	2.42865838420923	0.706992569321218	3.43519647814824	0.000592124352983183	0.0191933556273381	Igf2bp3	Up_MHCpos
30.582460511097	5.86790888277218	1.70864415407607	3.43424865193489	0.000594198854036054	0.0191991620158157	Col12a1	Up_MHCpos
7.00093806402353	-3.677110999166	1.07137181425329	-3.43215207852824	0.000598811666864579	0.0193173973869578	Rln3	Up_MHCneg
300.756403434528	2.51322343678666	0.732839442968866	3.42943254610469	0.000604844756534729	0.0194500792422811	Arhgap28	Up_MHCpos
191.792799705597	1.33304859242016	0.38881712505179	3.42847191270857	0.000606989339731726	0.0194621051174257	Mllt6	Up_MHCpos
2363.26182440085	1.17938686124052	0.344148582302689	3.42696998299186	0.000610356535385174	0.0195034906157228	Appl2	Up_MHCpos
19.1369310919306	7.73119347322241	2.25586285194823	3.4271558071651	0.000609938993518023	0.0195034906157228	F730048M01Rik	Up_MHCpos
722.281627166634	-2.54168736139969	0.7420680610746	-3.42514048875656	0.000614481583726035	0.0195444257722687	Alox12e	Up_MHCneg
2428.88647973548	-1.12688377531194	0.328981361486229	-3.425372702639	0.000613956566312161	0.0195444257722687	Tom1	Up_MHCneg
167.861596686091	2.38787650222893	0.698436683701275	3.41888757843401	0.000628776991604673	0.019934887438058	Kcnb1	Up_MHCpos
280.293811704514	5.15683875905901	1.51070472200005	3.41353189935872	0.000641266509151379	0.0202990909514028	Cbr2	Up_MHCpos
23900.0138283963	-3.91441479770932	1.14719358165926	-3.41216588053749	0.000644488812794158	0.0203692649896987	Lilrb4b	Up_MHCneg
17.9033080478905	-3.61539847298906	1.06038094235133	-3.40952796168905	0.000650754065609891	0.0204820903625029	Svep1	Up_MHCneg
22.0910255153052	6.0698719218899	1.78034140283357	3.40938648746198	0.000651091672513543	0.0204820903625029	Syndig1l	Up_MHCpos
400.090494675925	2.20292768150403	0.64656535529869	3.40712298215601	0.000656515385620707	0.0206206902283564	Acot1	Up_MHCpos
44.2166893463496	2.84505032135831	0.835336394443044	3.40587377765964	0.000659526637670025	0.0206760932174074	G530011O06Riky	Up_MHCpos
13.4849604810198	-3.79473646634986	1.11428158541581	-3.40554534510574	0.000660320465554202	0.0206760932174074	Gm45235	Up_MHCneg
2699.60087206064	3.36241841133628	0.98791333682632	3.40355604686751	0.000665147657323356	0.0207951024532621	Aif1	Up_MHCpos
764.06067622504	-2.26825554211187	0.66705041647261	-3.40042594397361	0.000672809578462633	0.0209699219231915	Klf5	Up_MHCneg
581.053666209991	-4.11232701818014	1.21254932579461	-3.39147194320134	0.000695182803720507	0.0216307677008475	Bmx	Up_MHCneg
42965.4009155989	-1.01707997702864	0.299964155475471	-3.39067171348016	0.000697215623113352	0.0216307677008475	Gpi1	Up_MHCneg
570.79186222828	-2.4607144892248	0.725708983742594	-3.39077308445944	0.000696957805712103	0.0216307677008475	Sec16b	Up_MHCneg
37.528089351007	6.83002579316529	2.01557438027955	3.38862502916811	0.00070243996477194	0.021726307246282	Nos1	Up_MHCpos
27673.5799116256	-1.80845338742999	0.533944105656176	-3.38697134826039	0.000706687676805128	0.0217923424089455	Ms4a3	Up_MHCneg
6.58140271150972	6.19549592533749	1.83247967026365	3.38093569378922	0.000722394470971653	0.0222078749429662	Gm13608	Up_MHCpos
41.5138650725868	3.21109900193211	0.950140710739096	3.37960363726996	0.00072590433463517	0.0222819635081423	Pcolce	Up_MHCpos
9.77089425102448	-2.45169261147073	0.726192691004356	-3.37609100427592	0.000735235957254332	0.0225002194229842	2310001K24Rik	Up_MHCneg
558.546544437954	-4.36005321106003	1.29198636064393	-3.37468981397525	0.00073898933685029	0.0225809728133485	Muc20	Up_MHCneg
21.9452906226614	4.11136138357527	1.22025225128545	3.36927170529228	0.000753670955688587	0.0229474567828251	Dnm3	Up_MHCpos
408.735617838044	1.22316771129896	0.363211980287894	3.36764142617057	0.000758141304748294	0.0229584225603822	Lmbrd2	Up_MHCpos
944.635839545024	-1.03626580283267	0.307844470173873	-3.36619917923938	0.00076211656781469	0.022987696702584	Ap5b1	Up_MHCneg
1221.09038932997	1.28089197529076	0.38053197845679	3.36605606836328	0.000762512077799322	0.022987696702584	Zfp90	Up_MHCpos
1471.30144945979	1.0660703579483	0.317032621306554	3.36265193643106	0.000771976312729323	0.0232144443188346	Cers4	Up_MHCpos
5679.71764875717	3.13769049631165	0.933410446740476	3.36153351108149	0.000775109505314465	0.0232314626867268	Adgre1	Up_MHCpos
14.2498222517818	5.42305174705512	1.61328007107909	3.36150668707372	0.000775184795706961	0.0232314626867268	Agbl2	Up_MHCpos
13.7322979963858	-3.74815768079359	1.11690233620651	-3.35585087369767	0.000791212199372049	0.0236767621079444	Gm37691	Up_MHCneg
31.5923285045036	3.33242354132335	0.993378588893118	3.35463596516262	0.000794694886466937	0.0237459051695187	Gm7097	Up_MHCpos
9.03199068337223	3.87479449278739	1.15532484894718	3.3538571392439	0.000796934966273642	0.0237777694870953	Gm38157	Up_MHCpos
284.522630706269	1.30567472646569	0.389404843792245	3.35300073247751	0.000799404950103933	0.0238163895355229	Aldoc	Up_MHCpos
24.4102945919978	4.6048312498534	1.37374325806568	3.35203191922289	0.000802207691655984	0.0238647953381183	Gm16537	Up_MHCpos
2751.63031810971	-2.90796356915425	0.868733814264626	-3.34735855955579	0.000815856092445321	0.024235232517375	Ly6a2	Up_MHCneg
2230.09757910088	2.0239210739557	0.605059856454411	3.34499314797658	0.000822846032060503	0.0244070831090977	Cd2ap	Up_MHCpos
15.3093768904034	-7.38637433962307	2.2089984622602	-3.34376617540308	0.000826493658689412	0.024479437180393	F12	Up_MHCneg
296.671366213586	-2.4783300647008	0.741729299887271	-3.34128645730654	0.000833911368271083	0.0246630808902246	G0s2	Up_MHCneg
117.061641627921	3.73786312366121	1.11961735087169	3.33851839715691	0.000842264527553924	0.0248738149616836	Igfbp5	Up_MHCpos
116.278387494978	2.17868045952526	0.653038415241602	3.33622097670811	0.000849256305585714	0.0250437896577307	Efemp2	Up_MHCpos
13.5267082070829	3.59675342184239	1.07848027836727	3.33502011486716	0.000852932293151176	0.0251156327426594	Gm11830	Up_MHCpos
5.48750084209479	5.17428171590221	1.55193575339713	3.33408242227547	0.000855812940678049	0.0251274121234733	Gm16268	Up_MHCpos
196.847112099676	2.15079604201085	0.645082921429857	3.3341388689124	0.000855639278354942	0.0251274121234733	Trpv4	Up_MHCpos
125.346060988209	-2.09645362726709	0.629303417013775	-3.33138764320615	0.00086414176083475	0.0253352357926935	Spry2	Up_MHCneg
3138.98896447739	-1.47332873750515	0.442385174085187	-3.33042069176903	0.000867148619882478	0.025386653020519	Cebpd	Up_MHCneg
540.820937472679	1.34249803370402	0.403154141579252	3.32998695845002	0.000868500518301522	0.0253895411259315	Calhm6	Up_MHCpos
14.824109216465	-5.23245437084588	1.57250226582228	-3.327470163046	0.00087638373553154	0.0255830808330454	Serpina11	Up_MHCneg
13927.3271122733	-1.08776375285679	0.327023859559859	-3.32625195703094	0.000880223233380523	0.0255945917154647	B4galnt1	Up_MHCneg
1300.31910991538	1.00368768411927	0.301732687074838	3.32641350146572	0.00087971318812036	0.0255945917154647	Etv5	Up_MHCpos
210.230444341641	1.77604230699974	0.533964545793513	3.32614275796233	0.000880568163565769	0.0255945917154647	Gm44141	Up_MHCpos
12.948565596242	7.16432517099749	2.1543327616174	3.32554250607913	0.000882466434741357	0.025613019343016	G730013B05Rik	Up_MHCpos
44.9297659450008	-1.10603808725249	0.333075373560225	-3.32068407048563	0.000897971229761385	0.026025749847977	Ybx1-ps2	Up_MHCneg
15.5638960566498	5.85822220937706	1.76470941733288	3.31965260220063	0.000901295295940981	0.0260847734292405	Esyt3	Up_MHCpos
4.75529644924865	5.71339252957993	1.72162992014071	3.31859504922694	0.000904715262017649	0.0261091545487401	Gm29367	Up_MHCpos
111.087956188589	3.88877722670628	1.17171395283446	3.31887933680318	0.000903794739005328	0.0261091545487401	Pcolce2	Up_MHCpos
509.449443286693	1.29039653123442	0.389377572957489	3.31399808528597	0.000919721370362311	0.0264447053796982	C1ra	Up_MHCpos
764.579472671315	2.62389666806426	0.792128370763621	3.31246394512394	0.000924780452614651	0.0265370073505952	Cd300c2	Up_MHCpos
44.2996902653142	-4.03945235839988	1.22087873405304	-3.30864339408207	0.000937491631686165	0.0268257669015961	Dnmt3l	Up_MHCneg
2004.38486958804	1.01606070393906	0.307255843654465	3.30688813548393	0.000943385568834662	0.0269563444838102	Bpgm	Up_MHCpos
13.4306449150718	6.47683712066804	1.95897059076884	3.30624520408245	0.00094555302733039	0.0269802236347695	Fhad1	Up_MHCpos
44.8536705015536	6.56278946265181	1.9852607059699	3.30575699348543	0.000947201969507293	0.0269892611817838	Pianp	Up_MHCpos
4.60739931746012	-5.65036436015349	1.70957345078424	-3.30513108843699	0.000949319874385878	0.027011617043797	Gm52968	Up_MHCneg
247.470069152973	2.49056937519122	0.753894628537502	3.30360408592211	0.000954505284773617	0.0271210695150473	Il17re	Up_MHCpos
43.803186598241	1.91330328478079	0.579344506482053	3.30253115956673	0.000958164418265215	0.0271869088930462	Klf12	Up_MHCpos
2164.90969628556	2.29441091576158	0.695127249001379	3.30070633694441	0.000964417690658769	0.0273260671259524	Lrp1	Up_MHCpos
623.794231723017	3.38001028626202	1.02428264778736	3.29988045151744	0.000967260227024436	0.0273683309207934	Clec9a	Up_MHCpos
19.7477930904893	4.48503840830374	1.35977266418121	3.29837371087646	0.000972466133878375	0.0274772544020111	Dnah2	Up_MHCpos
1994.5264001511	1.98863680023315	0.603825346070415	3.29339735931067	0.000989844748023546	0.0278517565975125	Entpd1	Up_MHCpos
6.14665301162424	3.58130468256575	1.09110765211789	3.28226520601726	0.00102976704228903	0.028894806800185	Zfp990	Up_MHCpos
2062.99799213192	1.81000881881047	0.552167299527829	3.27800798844526	0.00104542437017146	0.0292935716670867	Rtp4	Up_MHCpos
12.5856348840945	7.12416647903947	2.17427750139445	3.27656726175498	0.00105077281221824	0.0293622157279025	Ccdc160	Up_MHCpos
15.0635960497324	5.03229971138772	1.53614743879927	3.27592233940852	0.00105317516536743	0.0293888094699431	Col9a3	Up_MHCpos
293.181208568491	1.3689293866679	0.418447801294283	3.27144600218646	0.00106999019557471	0.0298146604443493	Morn4	Up_MHCpos
448.684720402611	3.76830328202473	1.15200615230061	3.27107912965505	0.00107137927851751	0.0298146604443493	Rasgrp3	Up_MHCpos
130.322425029484	1.78161528885094	0.54525677743746	3.26747940158394	0.00108509762375708	0.0301549969268788	Gm37194	Up_MHCpos
2740.30175312721	-2.06300676075854	0.631598301391954	-3.26632727829058	0.00108952250007399	0.0302364881219165	Nhsl2	Up_MHCneg
71960.1328499375	1.83826081830996	0.563204370936505	3.26393208783744	0.00109877499337209	0.0304515493717169	Ctsb	Up_MHCpos
4612.9409757163	-2.1706920607733	0.666197792407722	-3.2583297115533	0.00112070114359058	0.0309322676675771	C3	Up_MHCneg
51.9005128458583	-3.21873324880414	0.990970194891815	-3.24806262125324	0.00116193695272036	0.0320267764968188	1700012B09Rik	Up_MHCneg
26.5233309008336	3.78500543189085	1.16612227708912	3.24580492651164	0.001171190627572	0.0322379767988875	Gm37249	Up_MHCpos
246.175777551433	-3.71362022122092	1.14430518605448	-3.24530576849461	0.00117324571152978	0.0322507257393241	Slc6a4	Up_MHCneg
9.76485374087818	-6.73896082698408	2.07706325340206	-3.24446586590284	0.00117671119747611	0.0322994745829647	Frmpd1	Up_MHCneg
249.718310409393	-1.46901320693587	0.452861325054856	-3.24384778664402	0.00117926746639546	0.0322994745829647	Gm19719	Up_MHCneg
118.241497271288	-2.23350800459246	0.688564031748188	-3.243718669013	0.00117980212208865	0.0322994745829647	Tulp3	Up_MHCneg
194.35272216796	1.83865259438894	0.567745095252929	3.23851779568404	0.00120152525010157	0.0328497976272708	Ndn	Up_MHCpos
25.6639125236773	1.53680237110528	0.474759167736851	3.23701462876668	0.00120787219740283	0.0329788178533475	Gm15590	Up_MHCpos
221.701816620601	1.32515547704081	0.409563224915331	3.23553335950698	0.0012141569686077	0.0330612984234186	Cdc14b	Up_MHCpos
1588.23506340309	-1.07120830334335	0.331156705983613	-3.23474742920155	0.00121750378754564	0.0331079318548822	Tmem38b	Up_MHCneg
175.286498803738	1.39536599878553	0.431644740899298	3.23267230333536	0.00122638153343741	0.0333046427425046	Jag2	Up_MHCpos
27.0886330544321	3.69790275767556	1.14471349658502	3.23041771474468	0.00123609479250927	0.0334339711634784	Gm43914	Up_MHCpos
2912.08004916718	-1.65265091633318	0.511700097330766	-3.22972562435315	0.00123909069018395	0.0334703177232489	Ltb4r1	Up_MHCneg
1065.65817537133	1.04800505366629	0.324779447781942	3.22682072656865	0.00125173859526172	0.0336413851403143	Agpat3	Up_MHCpos
118.886629356472	1.2117943563158	0.375546880491363	3.22674589848888	0.00125206596553616	0.0336413851403143	Insl3	Up_MHCpos
167.103496903937	1.02226739231168	0.317038640462036	3.22442523353582	0.0012622581243113	0.0338255123550565	Dock6	Up_MHCpos
1134.19325886923	-2.42971257758905	0.7535254377584	-3.22445992641867	0.00126210519382018	0.0338255123550565	Pram1	Up_MHCneg
1087.84296129072	1.72518024936051	0.535894318124489	3.21925460116514	0.00128524315456788	0.0343712017505612	Spns2	Up_MHCpos
84.2601535824435	1.26893075420963	0.394323588971052	3.21799352029834	0.00129090734121112	0.0344111734547316	E130102H24Rik	Up_MHCpos
29.3396605230426	-4.83192587366281	1.5020619611522	-3.21686188628087	0.00129600971833454	0.0345017882834948	Gm49971	Up_MHCneg
112.277315936564	2.19481156619431	0.682935892531185	3.213788571076	0.00130996092897296	0.0348274258006079	Raver2	Up_MHCpos
599.873000297095	-2.48349550821185	0.773163294828692	-3.21212287859851	0.00131758007046767	0.0349382914235661	Rnf43	Up_MHCneg
49.4702523839567	-4.29662380796093	1.3382919494847	-3.21052802388546	0.00132491349044344	0.0350868266704493	Dapl1	Up_MHCneg
57.464758869147	3.20226357816631	0.997556187404859	3.21010848170568	0.00132684886551302	0.0350922077890708	Ocln	Up_MHCpos
28.4901143769856	6.07928091134346	1.8941414173354	3.20951796719357	0.00132957736692707	0.0351185239590294	Fgfr2	Up_MHCpos
1883.21213261194	-1.81041043317897	0.564356665310623	-3.20791893577179	0.00133699178098146	0.0352122062301105	Hsd11b1	Up_MHCneg
2544.54923849983	-2.00573326122471	0.625300813101359	-3.20762938285127	0.00133833845684314	0.0352122062301105	Trem3	Up_MHCneg
10.2237794925855	3.54719374490424	1.10691678531348	3.20457128482306	0.00135263790620068	0.0354503122143849	Apol10a	Up_MHCpos
1773.99403537003	-2.62244445960437	0.819124641407517	-3.20152065636577	0.00136704273369309	0.0357815487621297	Itga1	Up_MHCneg
17740.9283686653	-1.05363322447173	0.329389259399334	-3.19874796887157	0.00138025775474872	0.0360343322853794	Dstn	Up_MHCneg
11.4950486836	3.20905175736754	1.00365562289419	3.19736340251226	0.00138690080724832	0.0361611627465169	Gm50115	Up_MHCpos
219.391669777253	2.38576366333306	0.746547724717952	3.19572826269668	0.00139478406026518	0.0362952084536212	Gm56536	Up_MHCpos
1427.49814541565	1.34777835622233	0.421766684436222	3.1955543336096	0.00139562502519231	0.0362952084536212	Nav1	Up_MHCpos
18.1270124105888	7.65157018033664	2.3951444439175	3.1946174268395	0.00140016311361972	0.0363049874511961	Edar	Up_MHCpos
242.64271693951	3.17933483253816	0.995187805882935	3.19470838945564	0.00139972192301529	0.0363049874511961	Serping1	Up_MHCpos
458.19791576772	1.20591655084468	0.377513433823925	3.19436725371509	0.00140137717492647	0.0363049874511961	Snx21	Up_MHCpos
4182.15189410154	-2.18539033615583	0.684633988967992	-3.19205644383805	0.00141263724759236	0.0364778393341186	Il18rap	Up_MHCneg
1744.59276761193	1.81178209703414	0.567620450253077	3.19189010231457	0.0014134510033705	0.0364778393341186	Rab3il1	Up_MHCpos
834.80424057262	1.3134094436014	0.411806748856685	3.18938299881649	0.00142576841244592	0.0367489087375851	Arhgap29	Up_MHCpos
1493.34237138332	3.23247155589425	1.01374381921816	3.1886473629869	0.00142940132666593	0.0367957324992694	Slamf7	Up_MHCpos
39.5406161773295	8.05117712951779	2.52681199223599	3.18629844810624	0.00144105857007842	0.0370487380345415	Clec14a	Up_MHCpos
41.52377392619	3.33007330002855	1.04587335677849	3.18401198237411	0.00145248999714595	0.0372953039951582	Shroom3	Up_MHCpos
58.4895150567018	1.60083579878137	0.503117862748449	3.18183057551618	0.00146347402076864	0.0375297723882934	Gm43042	Up_MHCpos
26.6468136457692	-3.31480657240448	1.04226098357314	-3.18039975078071	0.00147072016052565	0.0376558375722406	Gm38376	Up_MHCneg
42.7687994552868	-3.96136374783321	1.24611788004818	-3.17896389359251	0.00147802501028632	0.0377595317571129	Gucy2e	Up_MHCneg
32.4284369256029	1.71142733815371	0.538599108312571	3.17755323345337	0.00148523421549962	0.0377755448935951	Gm26660	Up_MHCpos
52.1675730484165	-4.07300106758489	1.28220207236401	-3.17656721617635	0.0014902924982913	0.0377755448935951	Gm57334	Up_MHCneg
1224.07400105831	1.17280557708206	0.369163035509786	3.17693123165082	0.001488423248329	0.0377755448935951	Snhg20	Up_MHCpos
263.000480983716	1.49982731458353	0.471970084349902	3.17780165378366	0.00148396231289334	0.0377755448935951	Tle2	Up_MHCpos
2873.81733652608	1.27557173023196	0.401546761264329	3.17664554488158	0.00148989009128827	0.0377755448935951	Wdfy4	Up_MHCpos
1227.87226200174	-1.09485480286815	0.345707021466086	-3.16700192615428	0.00154019298252076	0.0388751684881063	Hcst	Up_MHCneg
92.7659767393397	1.34231155475521	0.424312037376705	3.16350100047599	0.00155883815999439	0.0392792316956795	Mir503hg	Up_MHCpos
702216.406071368	-1.53988043051265	0.487192209079808	-3.16072466228703	0.0015737718673794	0.0395081093695653	Mpo	Up_MHCneg
38.0522827252099	-4.61740563226605	1.46181670178385	-3.15867620518459	0.00158487468547301	0.039737594372522	Gm41659	Up_MHCneg
705.309077566346	1.63464977911682	0.517912442316604	3.15622805238099	0.00159823846432026	0.0399737198131656	Tnip3	Up_MHCpos
42.9341419325768	6.05415148279118	1.92032386087895	3.15267211230722	0.00161783417004214	0.0403145171597585	Mab21l3	Up_MHCpos
17443.2529750749	1.46137767871574	0.463660561039921	3.15182657640342	0.00162252608863802	0.0403817641642722	Ppt1	Up_MHCpos
28.7763846367794	5.34551020621707	1.69806002889767	3.14801014996343	0.00164385985283885	0.0408124470081646	Lrguk	Up_MHCpos
85.3082106987663	2.68701353648867	0.853684126117899	3.14755007652277	0.00164644901681795	0.0408266959996509	Akr1b7	Up_MHCpos
175.407611806823	1.86196839936266	0.59176987774476	3.1464399750434	0.00165271181432475	0.0409318932107642	Gm20412	Up_MHCpos
1727.84441807645	1.51507236606496	0.481686962336213	3.14534642730782	0.00165890264681471	0.0409850106363648	Mast4	Up_MHCpos
618.953426981982	1.16174008085893	0.369714695254186	3.14226103471546	0.0016764849941809	0.0413689518844225	Atat1	Up_MHCpos
23839.9510500667	-1.65516314913035	0.527149811451741	-3.13983447053149	0.00169043321485968	0.0416623923355746	Gsr	Up_MHCneg
7.45478933532567	-5.59735068075859	1.78308382267774	-3.13914052136528	0.00169444171309691	0.0417104430931108	Gm12602	Up_MHCneg
44.264222959512	1.70524186216629	0.543530953265917	3.13734084861219	0.00170487803974104	0.0419164128727108	Gm37549	Up_MHCpos
396.935570802491	-3.65285996649761	1.16488802936636	-3.13580350592544	0.0017138398987395	0.0420856757679559	Cd8b1	Up_MHCneg
629.54475095338	1.69058185065287	0.539335880580025	3.13456217456689	0.00172110776865574	0.042111017252653	Cyp2j9	Up_MHCpos
18.4981717169904	7.68202730464717	2.45050563896387	3.13487436327438	0.0017192772722187	0.042111017252653	Gm4118	Up_MHCpos
9.892612849644	-6.75404896500588	2.15543546277912	-3.13349626172408	0.00172737118848986	0.0422132845688975	Gm34672	Up_MHCneg
23145.6248945084	-1.56009409609779	0.498358989089516	-3.13046243822757	0.00174531317685103	0.0426003610238856	Gm11505	Up_MHCneg
68.0913495811711	-4.51589264155877	1.44333117079091	-3.12879866585587	0.00175522530211399	0.0427907453616454	Gm2808	Up_MHCneg
6.50590171627927	-6.15235001982695	1.96670792772164	-3.12824793814413	0.00175851771352759	0.0428194836037926	Gm56636	Up_MHCneg
22.5460963271509	3.15432760394798	1.00852038136948	3.12767858956373	0.00176192741431518	0.042851005386088	Gm42962	Up_MHCpos
54.0012310420719	4.35942697887625	1.39441136364496	3.12635646304604	0.00176986879142201	0.0429410441262497	Cxcl14	Up_MHCpos
123.994164269315	-3.90113165400657	1.24803409950134	-3.12582136623134	0.00177309220363992	0.0429677930066281	Trdc	Up_MHCneg
10.1220558321088	-3.35712924213873	1.07489051626775	-3.12322900921613	0.00178878505155875	0.0432962919468681	Gm17055	Up_MHCneg
22.8184737923619	6.14565688402872	1.96986670627723	3.11983387730997	0.00180953059528922	0.0435383376840431	Ackr3	Up_MHCpos
21.5472725350152	-3.81280015772244	1.22190435402083	-3.12037529384025	0.00180620758411925	0.0435383376840431	Gm57308	Up_MHCneg
230.813516057233	2.2444629305584	0.719305193428863	3.12032076379046	0.0018065420149048	0.0435383376840431	Nid2	Up_MHCpos
9.80586749546199	-5.20697994396649	1.66881537451425	-3.12016537208744	0.00180749533867038	0.0435383376840431	Trbv29	Up_MHCneg
40.2450763782757	-3.5829816119681	1.14903567846545	-3.11825096393283	0.00181927817564406	0.0437209449114746	Ptgfr	Up_MHCneg
21.2114654190257	4.18028391443693	1.34120357674696	3.11681536413441	0.00182816030126882	0.0438823454305748	Col11a1	Up_MHCpos
124.996198628896	2.14472169520984	0.688498991448684	3.1150687536914	0.00183902039120764	0.0439866754492038	Fam229b	Up_MHCpos
12.4329799004788	-4.85190547062556	1.55736021330575	-3.11546771849694	0.00183653449356182	0.0439866754492038	Gm42876	Up_MHCneg
2616.51036577526	1.12764204448824	0.361992724681729	3.11509587790662	0.00183885128585843	0.0439866754492038	Zbtb20	Up_MHCpos
2202.21591992644	-2.42647577357013	0.779178288797759	-3.11414705524468	0.00184477520025785	0.044072288658047	Atp1b1	Up_MHCneg
34.5696950796588	3.04127142941793	0.976989531254413	3.11290073447672	0.00185258316858389	0.0442032007008714	Abi3bp	Up_MHCpos
229.620098712102	1.05289756239662	0.33848171977086	3.11064822971651	0.00186677176215399	0.0444405747702441	Stox1	Up_MHCpos
140.980218427336	1.97316850044588	0.634568634520751	3.1094642771559	0.00187426947448658	0.044554033202233	Nectin4	Up_MHCpos
281.574017238857	-1.77466927176402	0.571011692368267	-3.10793858599215	0.00188397213376967	0.0446402239275318	Gm16192	Up_MHCneg
185.013689225419	1.6397759146989	0.527605453150319	3.10795861738699	0.0018838444454291	0.0446402239275318	Oas1b	Up_MHCpos
24.9899144856031	2.28599274683334	0.735718505752853	3.10715678477342	0.00188896187011419	0.0447061665030881	Zfp422-ps	Up_MHCpos
78.9567503023357	-2.04746395516031	0.659404270553284	-3.10502076888637	0.00190265664252818	0.044925315758716	Gm13031	Up_MHCneg
1770.50796371795	-2.97017391475707	0.956711822904437	-3.10456486859341	0.00190559136716492	0.0449422299271177	Ccl4	Up_MHCneg
1327.23628666931	1.09732719669952	0.353517670899285	3.10402360908329	0.00190908096411325	0.044972175874384	Aff3	Up_MHCpos
10.4168192183687	6.85250024332158	2.20907716596815	3.10197414055402	0.00192234750222379	0.0451272746785072	Slc7a13	Up_MHCpos
4423.11279533867	-2.11978265339716	0.684570498429006	-3.0965147610973	0.00195810112715428	0.0459133920544197	Hgf	Up_MHCneg
625.300435836302	1.49309978198266	0.48229152573368	3.09584494504916	0.00196252956586423	0.0459640306067555	Zfp229	Up_MHCpos
572.201056426286	1.14025505167312	0.368697233410239	3.0926596360011	0.00198371509263826	0.0464065635817074	C9orf72	Up_MHCpos
286.474259427283	1.77478470634713	0.57408588057451	3.09149687599185	0.00199150077876097	0.0465349645639197	Bend5	Up_MHCpos
57.0271543971512	3.9162995915343	1.26776907401468	3.08912693313495	0.00200745650756434	0.0467998404910771	Enho	Up_MHCpos
36.4828023078866	-2.59755562816157	0.84079229233315	-3.08941417737489	0.00200551639642634	0.0467998404910771	Sucnr1	Up_MHCneg
3461.44713397123	1.36956344535098	0.4434539492113	3.08840060571521	0.00201236997026682	0.0468066627182956	Serpinb6a	Up_MHCpos
431.939696292944	-2.30412053799073	0.746408383916195	-3.08694353873902	0.00202226003571416	0.0468922608973351	ENSMUSG00000121481	Up_MHCneg
171.786433937422	-4.49890521371727	1.45760300524293	-3.08650928787531	0.00202521619572696	0.0468922608973351	Gm35147	Up_MHCneg
5352.73360289433	-1.97206962036003	0.638934832058431	-3.08649571350915	0.0020253086670205	0.0468922608973351	Mtus1	Up_MHCneg
2211.3048154404	1.32726631507185	0.430399279387386	3.08380236361229	0.00204373314194345	0.0472109346894325	Wwp1	Up_MHCpos
8.81796320036523	-6.5924482662113	2.13841425800748	-3.08286770981127	0.0020501627120408	0.0472517023700052	Mlxipl	Up_MHCneg
16.1902953179733	-2.98039982166786	0.967241378782496	-3.08134028076777	0.00206070999399397	0.0474408224640045	Gm50085	Up_MHCneg
185.417987478785	1.0689638467408	0.347437200081481	3.07671097536508	0.00209298131448971	0.0479657335410035	G730003C15Rik	Up_MHCpos
1866.71116932378	1.03112303785584	0.335137084119754	3.07672020410427	0.00209291652152965	0.0479657335410035	Zfp945	Up_MHCpos
19.0709126991044	-3.57532894346376	1.16244001085593	-3.07571049694959	0.00210001637529488	0.0480183202563195	Gdf11	Up_MHCneg
183.579554706983	2.22331140627836	0.723372932851224	3.07353414167022	0.0021153948068424	0.0483154265973171	Vegfc	Up_MHCpos
9.1185450711436	6.658970590941	2.16835937720226	3.07097184209971	0.0021336327121373	0.0486771003549431	Psd2	Up_MHCpos
226.445487768457	2.44915990391619	0.797655706324845	3.07044741797255	0.00213738318034608	0.0487078131053221	Myof	Up_MHCpos
30.629142987077	2.36101007032619	0.769125481515629	3.06973325818514	0.00214250028209242	0.048714829646364	Dusp4	Up_MHCpos
10083.3191731514	-1.73252963823833	0.564332754492015	-3.07004976132897	0.0021402310876069	0.048714829646364	Igsf6	Up_MHCneg
1201.71922118097	-3.70143787283737	1.20611333616532	-3.06889722702646	0.00214850488752496	0.0487419490664818	C5ar1	Up_MHCneg
176.216883736967	1.53165010205878	0.499038572796076	3.06920183238954	0.00214631534370818	0.0487419490664818	Plekha7	Up_MHCpos
9157.99255662927	-1.27640809228938	0.416024039982673	-3.06811138207913	0.00215416310571539	0.048815649170792	Ncf2	Up_MHCneg
295.513653986244	3.79341054653482	1.23677073389961	3.06718977297753	0.00216081625339433	0.04891170556147	Cttnbp2nl	Up_MHCpos
42.0117454478439	3.88118803028119	1.2666524052338	3.06413031250258	0.00218303797003943	0.0493393081717052	Gm47138	Up_MHCpos
504.087628527202	1.13747557411753	0.371380518392936	3.06283048728485	0.0021925422122164	0.0494640452976527	Slc12a2	Up_MHCpos
23747.5620514298	-1.41504185533254	0.462102794563928	-3.06217982660734	0.00219731403396819	0.0495165573016257	Alas1	Up_MHCneg
