"","g0","g1","g2","g3"
"Pf4",28711.475,61612.103,12061.257,22221.473
"Ppbp",1200.418,4381.999,325.147,6102.563
"Itga2b",715.11,1532.153,124.71,3843.69
"Gp1ba",44.455,95.509,15.941,536.365
"Gp9",265.044,220.367,45.175,310.377
"Tubb1",3.242,47.138,3.633,1122.565
"Clec1b",250.167,917.854,85.984,11275.694
"Vwf",225.908,452.99,34.179,690.671
"Cxcl12",0.497,7.825,6.988,0.606
"Mpl",88.448,71.625,9.764,56.747
"Thbs1",71.482,323.426,297.966,2797.052
"Igf1",0.56,14.842,7.736,1.066
"Sdc1",0.591,0.149,8.292,0.011
"Gata2",45.333,53.9,35.671,870.097
"Meg3",0.379,4.399,0.938,3.946
"Pdzk1ip1",175.542,142.077,19.909,150.955
"H2-Aa",8.285,32.817,2659.722,1.353
"H2-Ab1",30.717,52.851,3366.087,2.626
"Cd74",50.831,100.9,5535.344,4.019
"B2m",4351.61,3588.724,6764.542,1715.499
"Tap1",29.119,14.415,21.322,3.556
"Irf7",5.05,3.919,26.806,0.417
"Lgals3",2.856,12.781,621.859,0.947
"Cd53",24.064,10.802,387.847,1.086
"Lsp1",9.616,10.071,474.677,3.88
"Mki67",132.082,187.954,42.092,8.837
"Top2a",146.047,93.312,66.545,5.321
"Cdk1",94.957,45.363,25.202,3.96
"Ccnb1",75.164,28.451,16.229,3.591
"Ccnb2",192.28,87.707,50.263,12.142
"Birc5",244.678,145.063,51.376,13.479
"Stmn1",515.015,220.323,180.679,18.553
