"gene","category"
"Neb","Subset signature"
"Dusp14","Subset signature"
"Gsta2","Subset signature"
"Dio1","Subset signature"
"Prokr1","Subset signature"
"Mmp19","Subset signature"
"Phlda3","Subset signature"
"Mest","Subset signature"
"Pdgfa","Subset signature"
"Ccdc92","Subset signature"
"Hmga2-ps1","Subset signature"
"1700042G15Rik","Subset signature"
"Fbln7","Subset signature"
"Pigr","Subset signature"
"7530416G11Rik","Subset signature"
"Rimbp2","Subset signature"
"D430041D05Rik","Subset signature"
"Stxbp5l","Subset signature"
"Magel2","Subset signature"
"Rgs7bp","Subset signature"
"Akp3","Subset signature"
"Phex","Subset signature"
"Dcc","Subset signature"
"H2-Eb1","MHC II / co-stim"
"Lrg1","Subset signature"
"Sorl1","Subset signature"
"G0s2","Subset signature"
"Bank1","Subset signature"
"Bmx","Subset signature"
"Wfdc17","Subset signature"
"Ifitm6","Subset signature"
"H2-Oa","Subset signature"
"Sgpp1","Subset signature"
"Fem1a","Subset signature"
"Cd96","Subset signature"
"Mgst3","Subset signature"
"Thumpd2","Subset signature"
"Epdr1","Subset signature"
"Gstm5","Subset signature"
"1700102H20Rik","Subset signature"
"Cryz","Subset signature"
"Macrod1","Subset signature"
"H2-Ab1","MHC II / co-stim"
"H2-Aa","MHC II / co-stim"
"H2-DMa","MHC II / co-stim"
"H2-DMb1","MHC II / co-stim"
"Cd74","MHC II / co-stim"
"Ciita","MHC II / co-stim"
"Cd80","MHC II / co-stim"
"Cd86","MHC II / co-stim"
"Cd40","MHC II / co-stim"
"B2m","MHC II / co-stim"
"Tap1","MHC II / co-stim"
"Tap2","MHC II / co-stim"
"Psmb8","MHC II / co-stim"
"Psmb9","MHC II / co-stim"
