ID	Description	GeneRatio	BgRatio	RichFactor	FoldEnrichment	oddsRatio	zScore	pvalue	p.adjust	qvalue	geneID	Count
GO:0002444	myeloid leukocyte mediated immunity	13/169	131/25615	0.099236641221374	15.0411039342337	17.8870056497175	13.1303226221388	4.16847372351978e-12	1.095474894541e-08	1.9843199009426e-11	Anxa3/Pram1/Mpo/Pla2g3/Cd300lb/Card9/C3/Ctsg/Elane/Il4/Ccl3/Fcer1a/Trem3	13
GO:0050727	regulation of inflammatory response	19/169	434/25615	0.043778801843318	6.63546751015734	7.63998393574297	9.64962912714587	9.07269954051539e-11	1.19215271962372e-07	2.15944005499403e-10	Sucnr1/Pla2g3/Hgf/Pde2a/Cd200r3/C3/Ccr1/Alox15/Ets1/Il6/Il1rl1/Tnfaip6/Ednrb/Il4/Ccl3/F12/Cst7/Fcer1a/Alox5	19
GO:0030595	leukocyte chemotaxis	14/169	233/25615	0.0600858369098712	9.10709297305534	10.4044189129474	10.1310040201178	5.28110610768656e-10	4.62624895033343e-07	8.37988885423779e-10	Mtus1/Itga1/C3/Ccr1/Ctsg/Tnfaip6/Ednrb/Il4/C5ar1/Ccl3/Ccl4/F7/Alox5/Trem3	14
GO:0002446	neutrophil mediated immunity	8/169	47/25615	0.170212765957447	25.7988165680473	32.3707596751075	13.8676796231465	7.6784425050465e-10	5.04473672581555e-07	9.13792870100061e-10	Anxa3/Pram1/Mpo/Cd300lb/Card9/Ctsg/Elane/Trem3	8
GO:0050900	leukocyte migration	17/169	412/25615	0.0412621359223301	6.25402137071293	7.0930546302465	8.76166444931876	2.28665224318383e-09	1.20186441901742e-06	2.17703162051043e-09	Mtus1/Itga1/Plg/C3/Ccr1/Ctsg/Elane/Prtn3/Tnfaip6/Ednrb/Il4/C5ar1/Ccl3/Ccl4/F7/Alox5/Trem3	17
GO:0060326	cell chemotaxis	15/169	330/25615	0.0454545454545455	6.889456697149	7.7708719851577	8.77552317287204	5.76055478909783e-09	2.52312299762485e-06	4.57033127976038e-09	Hgf/Mtus1/Itga1/C3/Ccr1/Ctsg/Tnfaip6/Ednrb/Il4/C5ar1/Ccl3/Ccl4/F7/Alox5/Trem3	15
GO:0002274	myeloid leukocyte activation	14/169	293/25615	0.0477815699658703	7.2421592584365	8.14748525841138	8.75773795337933	1.00899614767202e-08	3.32845182907253e-06	6.02908677932302e-09	Anxa3/Sucnr1/Pram1/Pla2g3/Cd300lb/Il18rap/Ctsg/Il1rl1/Il4/C5ar1/Lilrb4b/Ccl3/Cst7/Fcer1a	14
GO:0007596	blood coagulation	12/169	202/25615	0.0594059405940594	9.00404241607593	10.159973181361	9.30742170151161	1.07404845336848e-08	3.32845182907253e-06	6.02908677932302e-09	Gla/Svep1/F13a1/F3/Plg/Ctsg/Emilin2/Il6/F12/F7/Slc6a4/Papss2	12
GO:0007599	hemostasis	12/169	205/25615	0.0585365853658537	8.87227594169433	10.0008580574899	9.22246891774755	1.26653418153445e-08	3.32845182907253e-06	6.02908677932302e-09	Gla/Svep1/F13a1/F3/Plg/Ctsg/Emilin2/Il6/F12/F7/Slc6a4/Papss2	12
GO:0050817	coagulation	12/169	205/25615	0.0585365853658537	8.87227594169433	10.0008580574899	9.22246891774755	1.26653418153445e-08	3.32845182907253e-06	6.02908677932302e-09	Gla/Svep1/F13a1/F3/Plg/Ctsg/Emilin2/Il6/F12/F7/Slc6a4/Papss2	12
GO:0006935	chemotaxis	17/169	476/25615	0.0357142857142857	5.41314454775993	6.08845029239766	7.92045121587254	1.93902763124078e-08	4.51432738843066e-06	8.17715651985481e-09	Sucnr1/Hgf/Mtus1/Itga1/F3/C3/Ccr1/Ctsg/Tnfaip6/Ednrb/Il4/C5ar1/Ccl3/Ccl4/F7/Alox5/Trem3	17
GO:0042330	taxis	17/169	478/25615	0.0355648535564854	5.39049540739274	6.06155097613883	7.89665285533117	2.06133670704596e-08	4.51432738843066e-06	8.17715651985481e-09	Sucnr1/Hgf/Mtus1/Itga1/F3/C3/Ccr1/Ctsg/Tnfaip6/Ednrb/Il4/C5ar1/Ccl3/Ccl4/F7/Alox5/Trem3	17
GO:0097529	myeloid leukocyte migration	12/169	243/25615	0.0493827160493827	7.4848418438162	8.34312184630656	8.2774671833184	8.27620853335927e-08	1.67306738658986e-05	3.03055864390148e-08	Mtus1/Itga1/Ccr1/Ctsg/Prtn3/Tnfaip6/Ednrb/Il4/C5ar1/Ccl3/Ccl4/Trem3	12
GO:0050729	positive regulation of inflammatory response	10/169	172/25615	0.0581395348837209	8.81209577542315	9.81597950151409	8.37760571921973	2.28409807558591e-07	4.28757838759983e-05	7.76642820731234e-08	Sucnr1/Pla2g3/Pde2a/C3/Ccr1/Ets1/Il6/Il1rl1/Ccl3/Fcer1a	10
GO:0050878	regulation of body fluid levels	14/169	385/25615	0.0363636363636364	5.5115653577192	6.10468654899574	7.26894338336083	2.95341638676745e-07	5.17438550961658e-05	9.37277174771158e-08	Gla/Afap1/Svep1/F13a1/F3/Plg/Ctsg/Emilin2/Il6/Ednrb/F12/F7/Slc6a4/Papss2	14
GO:0019372	lipoxygenase pathway	4/169	11/25615	0.363636363636364	55.115653577192	88.1004329004329	14.6297745910971	5.82047410553026e-07	9.56012871833346e-05	1.73170136220333e-07	Pla2g3/Alox15/Alox12e/Alox5	4
GO:0030194	positive regulation of blood coagulation	5/169	26/25615	0.192307692307692	29.147701411015	36.9120209059233	11.7024082742306	6.92716530517574e-07	0.000101136613455566	1.83196708380894e-07	F3/Plg/Emilin2/F12/F7	5
GO:1900048	positive regulation of hemostasis	5/169	26/25615	0.192307692307692	29.147701411015	36.9120209059233	11.7024082742306	6.92716530517574e-07	0.000101136613455566	1.83196708380894e-07	F3/Plg/Emilin2/F12/F7	5
GO:0006163	purine nucleotide metabolic process	15/169	484/25615	0.0309917355371901	4.69735683896523	5.18725943566029	6.69239331007857	8.32948717964267e-07	0.000112863395921608	2.0443835247274e-07	Gpi1/Hk3/Hsd11b1/Pnp2/Pde2a/Adss1/Gucy2e/Ncf2/Ednrb/Il4/Adcyap1r1/Pgd/Mlxipl/Atp1b1/Papss2	15
GO:0042060	wound healing	14/169	421/25615	0.0332541567695962	5.04026760741542	5.55672505349925	6.81200425359419	8.58929953741306e-07	0.000112863395921608	2.0443835247274e-07	Gla/Svep1/F13a1/F3/Plg/Ctsg/Alox15/Emilin2/Il6/F12/F7/Alox5/Slc6a4/Papss2	14
GO:0002526	acute inflammatory response	8/169	123/25615	0.0650406504065041	9.85808437966036	10.9450715635971	8.02532644619228	1.644583999621e-06	0.000205807940523999	3.72796121744895e-07	F3/C3/Elane/Il6/Ednrb/Il4/F12/Fcer1a	8
GO:0050820	positive regulation of coagulation	5/169	31/25615	0.161290322580645	24.4464592479481	29.8076923076923	10.6450127143603	1.74219537885567e-06	0.000208113157074214	3.76971741925119e-07	F3/Plg/Emilin2/F12/F7	5
GO:0002673	regulation of acute inflammatory response	6/169	56/25615	0.107142857142857	16.2394336432798	18.6964417177914	9.303860824926	1.86442709494456e-06	0.000213031061109317	3.85879928590473e-07	C3/Il6/Ednrb/Il4/F12/Fcer1a	6
GO:0036230	granulocyte activation	6/169	58/25615	0.103448275862069	15.6794531728219	17.9759320434167	9.12097429256832	2.29902199417394e-06	0.000247913343871851	4.49064952930995e-07	Anxa3/Pram1/Il18rap/Ctsg/Ccl3/Fcer1a	6
GO:0070944	neutrophil-mediated killing of bacterium	4/169	15/25615	0.266666666666667	40.4181459566075	56.0550964187328	12.4449780116357	2.35838416925277e-06	0.000247913343871851	4.49064952930995e-07	Mpo/Ctsg/Elane/Trem3	4
GO:0022409	positive regulation of cell-cell adhesion	12/169	338/25615	0.0355029585798817	5.38111410664893	5.88957055214724	6.6077323599577	2.7388335459184e-06	0.000276832867641291	5.0144916258057e-07	Ptpru/Ctsg/Elane/Alox15/Emilin2/Ets1/Il6/Il4/Cdh1/Skap1/Fstl3/Alox5	12
GO:0034109	homotypic cell-cell adhesion	7/169	95/25615	0.0736842105263158	11.1681719090626	12.4513187429854	8.09164164953698	3.2597339184899e-06	0.00031728076806635	5.74715628261119e-07	Gla/Ncam1/Ptpru/Ctsg/Emilin2/Il6/Slc6a4	7
GO:0070943	neutrophil-mediated killing of symbiont cell	4/169	18/25615	0.222222222222222	33.6817882971729	44.0380952380952	11.3036792147689	5.20578022277197e-06	0.000488599658051598	8.85039018143605e-07	Mpo/Ctsg/Elane/Trem3	4
GO:0070942	neutrophil mediated cytotoxicity	4/169	21/25615	0.19047619047619	28.8701042547196	36.2623885918004	10.4124145731879	1.00257032508511e-05	0.000908536142870231	1.64570302615507e-06	Mpo/Ctsg/Elane/Trem3	4
GO:0045765	regulation of angiogenesis	11/169	323/25615	0.0340557275541796	5.16176012603733	5.60844693281402	6.13421527308652	1.06527341913359e-05	0.000933179515161029	1.69034150605694e-06	Anxa3/Hgf/F3/Plg/C3/Emilin2/Ets1/Spry2/C5ar1/Alox5/Id1	11
GO:0002275	myeloid cell activation involved in immune response	7/169	115/25615	0.0608695652173913	9.2258811422691	10.1375171467764	7.20499283774879	1.15741838371499e-05	0.000981192100775157	1.77731048143427e-06	Anxa3/Sucnr1/Pram1/Pla2g3/Il4/Ccl3/Fcer1a	7
GO:0097530	granulocyte migration	8/169	162/25615	0.0493827160493827	7.4848418438162	8.16068403646043	6.74776113780881	1.26827199636895e-05	0.00102808869392617	1.86225797182378e-06	Itga1/Prtn3/Tnfaip6/Il4/C5ar1/Ccl3/Ccl4/Trem3	8
GO:1901342	regulation of vasculature development	11/169	330/25615	0.0333333333333333	5.05226824457594	5.48384984722828	6.03803979069649	1.30106303078259e-05	0.00102808869392617	1.86225797182378e-06	Anxa3/Hgf/F3/Plg/C3/Emilin2/Ets1/Spry2/C5ar1/Alox5/Id1	11
GO:0003018	vascular process in circulatory system	10/169	271/25615	0.03690036900369	5.59291687591432	6.06882093544423	6.19452406474011	1.35949780928147e-05	0.00102808869392617	1.86225797182378e-06	Svep1/Pde2a/Itga1/Ednrb/Acta2/Htr1b/Plod3/Ccl4/Alox5/Slc6a4	10
GO:0002534	cytokine production involved in inflammatory response	6/169	79/25615	0.0759493670886076	11.5114972661224	12.7941843852425	7.62559939092998	1.4083406766112e-05	0.00102808869392617	1.86225797182378e-06	Pla2g3/Card9/Ccr1/Il6/Tarm1/Alox5	6
GO:1900015	regulation of cytokine production involved in inflammatory response	6/169	79/25615	0.0759493670886076	11.5114972661224	12.7941843852425	7.62559939092998	1.4083406766112e-05	0.00102808869392617	1.86225797182378e-06	Pla2g3/Card9/Ccr1/Il6/Tarm1/Alox5	6
GO:0070374	positive regulation of ERK1 and ERK2 cascade	9/169	221/25615	0.0407239819004525	6.17245441645024	6.69534198113208	6.29360590617078	1.703412018381e-05	0.0012098829146771	2.1915561528319e-06	Card9/C3/Ccr1/Alox15/Il6/Acta2/Spry2/C5ar1/Ccl3	9
GO:0050920	regulation of chemotaxis	9/169	224/25615	0.0401785714285714	6.08978761622992	6.60113372093023	6.23528143645103	1.89535351844221e-05	0.0013107865911753	2.37433092416753e-06	Sucnr1/Mtus1/F3/Ccr1/Tnfaip6/Il4/C5ar1/Ccl3/F7	9
GO:0071674	mononuclear cell migration	9/169	229/25615	0.0393013100436681	5.95682282111573	6.44982954545455	6.14039475929921	2.25615967915411e-05	0.00152030452226077	2.75384724382852e-06	Mtus1/Plg/Ccr1/Ctsg/Ednrb/Il4/C5ar1/Ccl3/Alox5	9
GO:0071621	granulocyte chemotaxis	7/169	128/25615	0.0546875	8.2888775887574	9.04372002856851	6.73718658891115	2.32436549805258e-05	0.00152710813222055	2.76617115805852e-06	Itga1/Tnfaip6/Il4/C5ar1/Ccl3/Ccl4/Trem3	7
GO:0042759	long-chain fatty acid biosynthetic process	4/169	26/25615	0.153846153846154	23.318161128812	28.0154269972452	9.27877660934744	2.44067988591561e-05	0.0015644162780942	2.83375033919109e-06	Gstm4/Alox15/Gstm1/Alox5	4
GO:0002688	regulation of leukocyte chemotaxis	7/169	130/25615	0.0538461538461538	8.16135639508421	8.89596507076182	6.67109212649052	2.56913183598981e-05	0.0016075424916622	2.91186824427656e-06	Mtus1/Ccr1/Tnfaip6/Il4/C5ar1/Ccl3/F7	7
GO:0043299	leukocyte degranulation	6/169	93/25615	0.0645161290322581	9.77858369917923	10.7294266976941	6.91163618800744	3.57915977620162e-05	0.00218744927717624	3.96229904914619e-06	Anxa3/Pram1/Pla2g3/Il4/Ccl3/Fcer1a	6
GO:1904996	positive regulation of leukocyte adhesion to vascular endothelial cell	4/169	30/25615	0.133333333333333	20.2090729783037	23.7016317016317	8.57919653078856	4.38290687500128e-05	0.0026177907426144	4.74181041752633e-06	Elane/Ets1/Il6/Alox5	4
GO:1901731	positive regulation of platelet aggregation	3/169	12/25615	0.25	37.8920118343195	51.078313253012	10.4171718256682	5.94126869856946e-05	0.00341440790956707	6.18478579349697e-06	Ctsg/Emilin2/Il6	3
GO:0009150	purine ribonucleotide metabolic process	11/169	390/25615	0.0282051282051282	4.27499620694887	4.60467252262784	5.31128750557886	5.9765130837171e-05	0.00341440790956707	6.18478579349697e-06	Gpi1/Hk3/Pde2a/Adss1/Gucy2e/Ednrb/Il4/Adcyap1r1/Mlxipl/Atp1b1/Papss2	11
GO:0051156	glucose 6-phosphate metabolic process	4/169	33/25615	0.121212121212121	18.3718845257307	21.2472309299896	8.1378363113016	6.4442096365296e-05	0.00353169903821622	6.39724444676446e-06	Gpi1/Hk3/Hsd11b1/Pgd	4
GO:0035296	regulation of tube diameter	8/169	204/25615	0.0392156862745098	5.94384499361875	6.40131829129167	5.77751849979901	6.58497918084455e-05	0.00353169903821622	6.39724444676446e-06	Svep1/Itga1/Ednrb/Acta2/Htr1b/Plod3/Alox5/Slc6a4	8
GO:0097746	blood vessel diameter maintenance	8/169	204/25615	0.0392156862745098	5.94384499361875	6.40131829129167	5.77751849979901	6.58497918084455e-05	0.00353169903821622	6.39724444676446e-06	Svep1/Itga1/Ednrb/Acta2/Htr1b/Plod3/Alox5/Slc6a4	8
GO:0035150	regulation of tube size	8/169	205/25615	0.0390243902439024	5.91485062779622	6.36857205914809	5.75780847698119	6.81441522122004e-05	0.00357829140024663	6.48164085937928e-06	Svep1/Itga1/Ednrb/Acta2/Htr1b/Plod3/Alox5/Slc6a4	8
GO:0070527	platelet aggregation	5/169	65/25615	0.0769230769230769	11.659080564406	12.8993902439024	7.01218336760125	7.06737280260636e-05	0.00357829140024663	6.48164085937928e-06	Gla/Ctsg/Emilin2/Il6/Slc6a4	5
GO:0030168	platelet activation	6/169	105/25615	0.0571428571428571	8.66103127641589	9.42442833240379	6.4106039835114	7.08033305984873e-05	0.00357829140024663	6.48164085937928e-06	Gla/Svep1/Ctsg/Emilin2/Il6/Slc6a4	6
GO:1900017	positive regulation of cytokine production involved in inflammatory response	4/169	36/25615	0.111111111111111	16.8408941485865	19.2530303030303	7.75106635609732	9.13464477312025e-05	0.00441780837391972	8.00232403189199e-06	Pla2g3/Card9/Il6/Tarm1	4
GO:0050921	positive regulation of chemotaxis	7/169	159/25615	0.0440251572327044	6.67280711547765	7.19046458739441	5.84754794835245	9.2434473764473e-05	0.00441780837391972	8.00232403189199e-06	Sucnr1/F3/Ccr1/Il4/C5ar1/Ccl3/F7	7
GO:0009259	ribonucleotide metabolic process	11/169	410/25615	0.0268292682926829	4.0664598066099	4.3703721328638	5.10103316935342	9.31858868498272e-05	0.00441780837391972	8.00232403189199e-06	Gpi1/Hk3/Pde2a/Adss1/Gucy2e/Ednrb/Il4/Adcyap1r1/Mlxipl/Atp1b1/Papss2	11
GO:0090303	positive regulation of wound healing	5/169	69/25615	0.072463768115942	10.9831918360346	12.0912728658537	6.76713439254145	9.41389912250778e-05	0.00441780837391972	8.00232403189199e-06	F3/Plg/Emilin2/F12/F7	5
GO:0006690	icosanoid metabolic process	7/169	161/25615	0.0434782608695652	6.58991510162079	7.09652076318743	5.79845676892855	9.99520612979501e-05	0.00460831608931602	8.3474056515875e-06	Cyp4f18/Pla2g3/Alox15/Gstm1/Alox12e/Fcer1a/Alox5	7
GO:0045671	negative regulation of osteoclast differentiation	4/169	37/25615	0.108108108108108	16.3857348472733	18.668870523416	7.63234701046606	0.000101894044145143	0.00461685427609374	8.36287154133579e-06	Tnfaip6/Il4/Ccl3/Fstl3	4
GO:0030198	extracellular matrix organization	10/169	345/25615	0.0289855072463768	4.39327673441386	4.71435276447949	5.17128531202003	0.000103935191870199	0.0046190044657843	8.36676634916301e-06	Mkx/Plg/Ctsg/Lamb1/Ets1/Il6/Plod3/Tmem38b/Adamtsl1/Ero1a	10
GO:0045229	external encapsulating structure organization	10/169	346/25615	0.0289017341040462	4.38057940281151	4.70013477088949	5.15949809264104	0.000106428331546403	0.0046190044657843	8.36676634916301e-06	Mkx/Plg/Ctsg/Lamb1/Ets1/Il6/Plod3/Tmem38b/Adamtsl1/Ero1a	10
GO:0030193	regulation of blood coagulation	5/169	71/25615	0.0704225352112676	10.6738061505125	11.7239467849224	6.65203300798472	0.000107909307410188	0.0046190044657843	8.36676634916301e-06	F3/Plg/Emilin2/F12/F7	5
GO:0043062	extracellular structure organization	10/169	347/25615	0.0288184438040346	4.3679552546766	4.6860011570834	5.14775548196803	0.000108971947061882	0.0046190044657843	8.36676634916301e-06	Mkx/Plg/Ctsg/Lamb1/Ets1/Il6/Plod3/Tmem38b/Adamtsl1/Ero1a	10
GO:0019693	ribose phosphate metabolic process	11/169	419/25615	0.0262529832935561	3.97911341458248	4.27243112434847	5.0107246986256	0.00011279476529857	0.00465231005514089	8.42709538463634e-06	Gpi1/Hk3/Pde2a/Adss1/Gucy2e/Ednrb/Il4/Adcyap1r1/Mlxipl/Atp1b1/Papss2	11
GO:1904994	regulation of leukocyte adhesion to vascular endothelial cell	4/169	38/25615	0.105263157894737	15.9545312986609	18.119073083779	7.51816921006803	0.000113298266183035	0.00465231005514089	8.42709538463634e-06	Elane/Ets1/Il6/Alox5	4
GO:0042310	vasoconstriction	6/169	116/25615	0.0517241379310345	7.83972658641094	8.47830451756832	6.01697843608019	0.000122986113787226	0.00483139569833012	8.75148730591574e-06	Svep1/Ednrb/Acta2/Htr1b/Alox5/Slc6a4	6
GO:0002886	regulation of myeloid leukocyte mediated immunity	5/169	73/25615	0.0684931506849315	10.381373105293	11.3782281205165	6.54142975105819	0.000123174852278584	0.00483139569833012	8.75148730591574e-06	Pram1/Pla2g3/C3/Il4/Fcer1a	5
GO:1900046	regulation of hemostasis	5/169	73/25615	0.0684931506849315	10.381373105293	11.3782281205165	6.54142975105819	0.000123174852278584	0.00483139569833012	8.75148730591574e-06	F3/Plg/Emilin2/F12/F7	5
GO:0002532	production of molecular mediator involved in inflammatory response	6/169	118/25615	0.0508474576271186	7.70684986460736	8.32624890446976	5.9509642291027	0.000135106882848103	0.00515623302007959	9.33989071463689e-06	Pla2g3/Card9/Ccr1/Il6/Tarm1/Alox5	6
GO:0002573	myeloid leukocyte differentiation	9/169	289/25615	0.0311418685121107	4.72011220081489	5.05566964285714	5.18315208589206	0.000135380547330857	0.00515623302007959	9.33989071463689e-06	Pla2g3/Il3ra/Ccr1/Prtn3/Il1rl1/Tnfaip6/Il4/Ccl3/Fstl3	9
GO:0050818	regulation of coagulation	5/169	75/25615	0.0666666666666667	10.1045364891519	11.0522648083624	6.43502620097164	0.000140042754882481	0.00525760514044513	9.52351401522049e-06	F3/Plg/Emilin2/F12/F7	5
GO:0097242	amyloid-beta clearance	4/169	41/25615	0.0975609756097561	14.7871265694905	16.6479934479934	7.20010208409152	0.000153063417238152	0.00566550226058962	1.02623701743833e-05	Pla2g3/C3/Il4/C5ar1	4
GO:1990266	neutrophil migration	6/169	123/25615	0.048780487804878	7.39356328474527	7.96885323265691	5.79249760052947	0.000169578714346236	0.00618962307363763	1.12117514564301e-05	Itga1/Prtn3/Tnfaip6/C5ar1/Ccl3/Trem3	6
GO:0042116	macrophage activation	6/169	124/25615	0.0483870967741935	7.33393777438442	7.90100863055007	5.76187048559749	0.000177239196576301	0.00637364574682212	1.15450862087319e-05	Sucnr1/Pla2g3/Il1rl1/Il4/C5ar1/Cst7	6
GO:0002768	immune response-regulating cell surface receptor signaling pathway	10/169	369/25615	0.02710027100271	4.10753515819182	4.39498256863054	4.90010333311714	0.000179470998959223	0.00637364574682212	1.15450862087319e-05	Pram1/Itk/C3/Bmx/C5ar1/Lilrb4b/Skap1/Fcer1a/Clec12b/Tlr5	10
GO:0032102	negative regulation of response to external stimulus	11/169	446/25615	0.0246636771300448	3.73822538275798	4.00292448712353	4.75418343410106	0.000194068364745919	0.006800155500697	1.23176568963647e-05	Hgf/Plg/Ccr1/Ets1/Tnfaip6/Il4/F12/Cst7/Dtx4/Alox5/Clec12b	11
GO:0006979	response to oxidative stress	11/169	451/25615	0.024390243902439	3.69678164237264	3.95664556962025	4.70886792369642	0.000213583139183268	0.00721146206017436	1.3062688841347e-05	Mpo/Hk3/Hgf/Il18rap/Gsr/Il6/Dram1/Cyp11a1/Adcyap1r1/Alox5/Ero1a	11
GO:0002685	regulation of leukocyte migration	8/169	242/25615	0.0330578512396694	5.01051396156291	5.35371874502309	5.10850825254085	0.000213792284485414	0.00721146206017436	1.3062688841347e-05	Mtus1/Ccr1/Elane/Tnfaip6/Il4/C5ar1/Ccl3/F7	8
GO:0001820	serotonin secretion	3/169	18/25615	0.166666666666667	25.2613412228797	30.6397590361446	8.39129168850296	0.000214038828270015	0.00721146206017436	1.3062688841347e-05	Htr1b/Fcer1a/Slc6a4	3
GO:0022617	extracellular matrix disassembly	4/169	45/25615	0.0888888888888889	13.4727153188692	15.0214338507021	6.8245527715027	0.000220623103609729	0.00733920906691605	1.32940870495822e-05	Plg/Ctsg/Ets1/Il6	4
GO:0031348	negative regulation of defense response	9/169	310/25615	0.0290322580645161	4.40036266463065	4.69902408637874	4.90879853850083	0.000228293478824686	0.00749944077939094	1.35843273621721e-05	Hgf/Ccr1/Ets1/Tnfaip6/Il4/Cst7/Dtx4/Alox5/Clec12b	9
GO:0002237	response to molecule of bacterial origin	11/169	459/25615	0.0239651416122004	3.63234971832257	3.88474796564195	4.63768694931282	0.000248259538587909	0.00804205260301408	1.45672028670949e-05	Mpo/Cd300lb/Pde2a/Card9/Ctsg/Elane/Ptgfr/Il6/Ncf2/Ednrb/C5ar1	11
GO:0001906	cell killing	9/169	314/25615	0.0286624203821656	4.34430708928504	4.63665983606557	4.85930796223021	0.000250931626121444	0.00804205260301408	1.45672028670949e-05	Mpo/Il18rap/C3/Ctsg/Elane/Il4/Hcst/Clec12b/Trem3	9
GO:0001909	leukocyte mediated cytotoxicity	7/169	190/25615	0.0368421052631579	5.5840859545313	5.96508803885853	5.16858146097675	0.000277318946102571	0.00878065289587416	1.5905087712533e-05	Mpo/Il18rap/Ctsg/Elane/Hcst/Clec12b/Trem3	7
GO:0045766	positive regulation of angiogenesis	7/169	191/25615	0.0366492146596859	5.55484990241333	5.93243424584004	5.14921596684243	0.000286294113235857	0.00895691582837896	1.6224366635775e-05	Anxa3/Hgf/F3/C3/Emilin2/Ets1/C5ar1	7
GO:0034112	positive regulation of homotypic cell-cell adhesion	3/169	20/25615	0.15	22.7352071005917	27.032955350815	7.92452987523917	0.000296138113505555	0.00906698194725581	1.64237380601639e-05	Ctsg/Emilin2/Il6	3
GO:1903036	positive regulation of response to wounding	5/169	88/25615	0.0568181818181818	8.61182087143626	9.3164119894211	5.82911065753683	0.000296712499035007	0.00906698194725581	1.64237380601639e-05	F3/Plg/Emilin2/F12/F7	5
GO:0042119	neutrophil activation	4/169	49/25615	0.0816326530612245	12.3729018234513	13.6840404040404	6.49396930199796	0.000307366662539043	0.00911116809494196	1.65037759073446e-05	Anxa3/Pram1/Il18rap/Ctsg	4
GO:0048246	macrophage chemotaxis	4/169	49/25615	0.0816326530612245	12.3729018234513	13.6840404040404	6.49396930199796	0.000307366662539043	0.00911116809494196	1.65037759073446e-05	Mtus1/Ednrb/C5ar1/Ccl3	4
GO:1904018	positive regulation of vasculature development	7/169	194/25615	0.0360824742268041	5.46895016165436	5.83656829735261	5.09192917728817	0.000314629525650769	0.00911116809494196	1.65037759073446e-05	Anxa3/Hgf/F3/C3/Emilin2/Ets1/C5ar1	7
GO:0022411	cellular component disassembly	11/169	472/25615	0.0233050847457627	3.53230618794504	3.77323649743266	4.52533736327098	0.00031473711034043	0.00911116809494196	1.65037759073446e-05	Tom1/Mpo/Plg/C3/Ctsg/Ets1/Il6/Rhou/Acvr1c/Dnase2b/Dstn	11
GO:0070372	regulation of ERK1 and ERK2 cascade	9/169	325/25615	0.0276923076923077	4.19726900318616	4.47329905063291	4.72736065805834	0.000322980981256355	0.00911116809494196	1.65037759073446e-05	Card9/C3/Ccr1/Alox15/Il6/Acta2/Spry2/C5ar1/Ccl3	9
GO:0032963	collagen metabolic process	6/169	139/25615	0.0431654676258993	6.54250564045805	7.00576594861387	5.33974130533464	0.000328632694400729	0.00911116809494196	1.65037759073446e-05	Mkx/Plg/Prtn3/Il6/Plod3/Id1	6
GO:0061041	regulation of wound healing	6/169	139/25615	0.0431654676258993	6.54250564045805	7.00576594861387	5.33974130533464	0.000328632694400729	0.00911116809494196	1.65037759073446e-05	F3/Plg/Emilin2/F12/F7/Alox5	6
GO:0045576	mast cell activation	5/169	90/25615	0.0555555555555556	8.42044707429323	9.09648493543759	5.74699401272482	0.000329361099322483	0.00911116809494196	1.65037759073446e-05	Pla2g3/Cd300lb/Il4/Lilrb4b/Fcer1a	5
GO:0045670	regulation of osteoclast differentiation	5/169	90/25615	0.0555555555555556	8.42044707429323	9.09648493543759	5.74699401272482	0.000329361099322483	0.00911116809494196	1.65037759073446e-05	Ccr1/Tnfaip6/Il4/Ccl3/Fstl3	5
GO:0010543	regulation of platelet activation	4/169	51/25615	0.0784313725490196	11.8876899872375	13.1007092198582	6.34276649619276	0.000358832475145258	0.00982303900710144	1.77932437216591e-05	Svep1/Ctsg/Emilin2/Il6	4
GO:0002819	regulation of adaptive immune response	8/169	262/25615	0.0305343511450382	4.62803197976422	4.9282535335257	4.81037980385356	0.000364458834845473	0.0098742043090093	1.78859234602086e-05	Card9/C3/Alox15/Il6/Il1rl1/Il4/Skap1/Fcer1a	8
GO:0048245	eosinophil chemotaxis	3/169	22/25615	0.136363636363636	20.668370091447	24.1854787571338	7.52127394580018	0.000396186594324184	0.0105841366362352	1.91718797630476e-05	Il4/Ccl3/Ccl4	3
GO:0007204	positive regulation of cytosolic calcium ion concentration	7/169	202/25615	0.0346534653465347	5.25235807604429	5.59534662867996	4.94481260620013	0.000401328489444011	0.0105841366362352	1.91718797630476e-05	Ccr1/Ptgfr/Ednrb/Adcyap1r1/C5ar1/Ccl3/Hrh4	7
GO:0030593	neutrophil chemotaxis	5/169	94/25615	0.0531914893617021	8.06213017751479	8.68628391340093	5.59014528657512	0.000402744925275313	0.0105841366362352	1.91718797630476e-05	Itga1/Tnfaip6/C5ar1/Ccl3/Trem3	5
GO:0046496	nicotinamide nucleotide metabolic process	7/169	203/25615	0.0344827586206897	5.22648439094062	5.56657848324515	4.92697272966433	0.000413389505779176	0.0107563130810661	1.94837565095198e-05	Gpi1/Hk3/Hsd11b1/Pnp2/Ncf2/Pgd/Mlxipl	7
GO:0006887	exocytosis	10/169	411/25615	0.024330900243309	3.68778703983645	3.92807289951223	4.47665189021872	0.000421911818955157	0.0108704339236682	1.96904725741381e-05	Anxa3/Pram1/Pla2g3/Ncam1/Sytl3/Ccr1/Htr1b/Il4/Ccl3/Fcer1a	10
GO:0001676	long-chain fatty acid metabolic process	6/169	147/25615	0.0408163265306122	6.18645091172564	6.60618718183005	5.13929813300736	0.00044296613833229	0.0111934135724736	2.02755110336389e-05	Gstm4/Cyp4f18/Alox15/Gstm1/Alox12e/Alox5	6
GO:0002761	regulation of myeloid leukocyte differentiation	6/169	147/25615	0.0408163265306122	6.18645091172564	6.60618718183005	5.13929813300736	0.00044296613833229	0.0111934135724736	2.02755110336389e-05	Pla2g3/Ccr1/Tnfaip6/Il4/Ccl3/Fstl3	6
GO:0043306	positive regulation of mast cell degranulation	3/169	23/25615	0.130434782608696	19.7697453048624	22.9753012048193	7.3390944603614	0.000453412383163685	0.0113482642186111	2.05560041972299e-05	Pla2g3/Il4/Fcer1a	3
GO:0034599	cellular response to oxidative stress	8/169	272/25615	0.0294117647058824	4.45788374521406	4.73969508752117	4.67237962923627	0.000467171913149559	0.0115823376203494	2.09799997736373e-05	Mpo/Hk3/Hgf/Il18rap/Gsr/Il6/Adcyap1r1/Alox5	8
GO:0043300	regulation of leukocyte degranulation	4/169	55/25615	0.0727272727272727	11.0231307154384	12.0713012477718	6.06424316909012	0.000479795514987588	0.0117841365737138	2.1345534101394e-05	Pram1/Pla2g3/Il4/Fcer1a	4
GO:0006575	modified amino acid metabolic process	7/169	210/25615	0.0333333333333333	5.05226824457594	5.37313750532141	4.80530023422699	0.000506166668220846	0.0122037248081136	2.21055672960111e-05	Gstm4/Pla2g3/Gsr/Chdh/Gstm1/Dio2/Ero1a	7
GO:0072524	pyridine-containing compound metabolic process	7/169	210/25615	0.0333333333333333	5.05226824457594	5.37313750532141	4.80530023422699	0.000506166668220846	0.0122037248081136	2.21055672960111e-05	Gpi1/Hk3/Hsd11b1/Pnp2/Ncf2/Pgd/Mlxipl	7
GO:0150076	neuroinflammatory response	5/169	99/25615	0.0505050505050505	7.65495188572112	8.22262584327971	5.40665320677273	0.000511084553402416	0.012210274603105	2.21174314552112e-05	Cd200r3/Ccr1/Il4/C5ar1/Cst7	5
GO:1901136	carbohydrate derivative catabolic process	8/169	277/25615	0.0288808664259928	4.37741652959648	4.65067307026253	4.60585897841094	0.000526702124432953	0.012470028675764	2.25879444521741e-05	Gla/Gpi1/Hk3/Pnp2/Pde2a/Gpc1/Mlxipl/Chit1	8
GO:0006164	purine nucleotide biosynthetic process	7/169	212/25615	0.0330188679245283	5.00460533660824	5.32029509183981	4.771527614778	0.000535512879001706	0.0125654271965758	2.2760747301706e-05	Pnp2/Adss1/Gucy2e/Ednrb/Il4/Adcyap1r1/Papss2	7
GO:0002762	negative regulation of myeloid leukocyte differentiation	4/169	57/25615	0.0701754385964912	10.6363541991072	11.6148656375071	5.93552369693757	0.000550041748073262	0.0125696496864046	2.27683958298838e-05	Tnfaip6/Il4/Ccl3/Fstl3	4
GO:0052652	cyclic purine nucleotide metabolic process	4/169	57/25615	0.0701754385964912	10.6363541991072	11.6148656375071	5.93552369693757	0.000550041748073262	0.0125696496864046	2.27683958298838e-05	Pde2a/Gucy2e/Ednrb/Adcyap1r1	4
GO:0061756	leukocyte adhesion to vascular endothelial cell	4/169	57/25615	0.0701754385964912	10.6363541991072	11.6148656375071	5.93552369693757	0.000550041748073262	0.0125696496864046	2.27683958298838e-05	Elane/Ets1/Il6/Alox5	4
GO:0009187	cyclic nucleotide metabolic process	4/169	58/25615	0.0689655172413793	10.4529687818812	11.3993265993266	5.87353522184474	0.000587771406438776	0.0133160625527681	2.41204322046336e-05	Pde2a/Gucy2e/Ednrb/Adcyap1r1	4
GO:0002690	positive regulation of leukocyte chemotaxis	5/169	103/25615	0.0485436893203883	7.35767220083874	7.88576406172225	5.26886152640837	0.000612461181603159	0.0137568203867786	2.49188115612777e-05	Ccr1/Il4/C5ar1/Ccl3/F7	5
GO:0070371	ERK1 and ERK2 cascade	9/169	356/25615	0.0252808988764045	3.83177647762782	4.06864193083574	4.3847838143528	0.000622908475093171	0.0138729107842784	2.51290952357052e-05	Card9/C3/Ccr1/Alox15/Il6/Acta2/Spry2/C5ar1/Ccl3	9
GO:0120254	olefinic compound metabolic process	7/169	218/25615	0.0321100917431193	4.86686390532544	5.16777836288105	4.67270343290175	0.000631762003120553	0.0139518533126119	2.52720900508155e-05	Cyp4f18/Dapl1/Alox15/Cyp11a1/Ednrb/Alox12e/Alox5	7
GO:0000302	response to reactive oxygen species	7/169	221/25615	0.0316742081447964	4.8007978794613	5.09472712587977	4.6246369820607	0.000684780201272608	0.0149966864078701	2.71646784747182e-05	Mpo/Hk3/Hgf/Il18rap/Il6/Cyp11a1/Adcyap1r1	7
GO:0072677	eosinophil migration	3/169	27/25615	0.111111111111111	16.8408941485865	19.1430722891566	6.711439760815	0.000734497200583285	0.0159525507696932	2.88961108290507e-05	Il4/Ccl3/Ccl4	3
GO:0033135	regulation of peptidyl-serine phosphorylation	4/169	62/25615	0.0645161290322581	9.77858369917923	10.6114942528736	5.63990313427247	0.000757178739182368	0.0163103748079612	2.95442656737753e-05	Hgf/Il6/Spry2/Inpp5j	4
GO:0007193	adenylate cyclase-inhibiting G protein-coupled receptor signaling pathway	5/169	109/25615	0.0458715596330275	6.95266272189349	7.42905722326454	5.07546270495005	0.000791868502416768	0.0168263072079454	3.04788146387324e-05	Grm6/Pde2a/Htr1b/C5ar1/Hrh4	5
GO:0010721	negative regulation of cell development	8/169	295/25615	0.0271186440677966	4.11031992779059	4.35587681520116	4.37881415873408	0.000793935347711275	0.0168263072079454	3.04788146387324e-05	Lin28a/Tnfaip6/Ednrb/Il4/Cdh1/Ccl3/Fstl3/Id1	8
GO:0033559	unsaturated fatty acid metabolic process	6/169	165/25615	0.0363636363636364	5.5115653577192	5.85414978585484	4.73802802815094	0.000813088776881825	0.0169405997169997	3.06858416563074e-05	Cyp4f18/Pla2g3/Alox15/Gstm1/Alox12e/Alox5	6
GO:0046068	cGMP metabolic process	3/169	28/25615	0.107142857142857	16.2394336432798	18.3766265060241	6.57522247340508	0.000818666729093976	0.0169405997169997	3.06858416563074e-05	Pde2a/Gucy2e/Ednrb	3
GO:0060445	branching involved in salivary gland morphogenesis	3/169	28/25615	0.107142857142857	16.2394336432798	18.3766265060241	6.57522247340508	0.000818666729093976	0.0169405997169997	3.06858416563074e-05	Hgf/Il6/Cdh1	3
GO:0050832	defense response to fungus	4/169	64/25615	0.0625	9.47300295857988	10.2569696969697	5.53089848639321	0.000853645839083556	0.0174991307271345	3.16975528367524e-05	Mpo/Card9/Ctsg/Elane	4
GO:0090288	negative regulation of cellular response to growth factor stimulus	5/169	111/25615	0.045045045045045	6.82738951969721	7.28831109065808	5.01422342649869	0.000859585873752469	0.0174991307271345	3.16975528367524e-05	Gpc1/Tnfaip6/Spry2/Il4/Fstl3	5
GO:0014074	response to purine-containing compound	6/169	167/25615	0.0359281437125748	5.44555858696808	5.78097016347216	4.69710251775757	0.000865634320596454	0.0174991307271345	3.16975528367524e-05	Aqp9/Pde2a/Slc26a3/Alas1/Slc6a4/Tmem38b	6
GO:0010575	positive regulation of vascular endothelial growth factor production	3/169	29/25615	0.103448275862069	15.6794531728219	17.6691380908248	6.4458466995026	0.000908722767706683	0.0179826267687277	3.2573347272701e-05	C3/Il6/C5ar1	3
GO:1901570	fatty acid derivative biosynthetic process	3/169	29/25615	0.103448275862069	15.6794531728219	17.6691380908248	6.4458466995026	0.000908722767706683	0.0179826267687277	3.2573347272701e-05	Far2/Alox15/Alox5	3
GO:0045637	regulation of myeloid cell differentiation	7/169	232/25615	0.0301724137931034	4.57317384207305	4.84353909465021	4.45552574083295	0.000910079665236217	0.0179826267687277	3.2573347272701e-05	Pla2g3/Ccr1/Ets1/Tnfaip6/Il4/Ccl3/Fstl3	7
GO:0090330	regulation of platelet aggregation	3/169	30/25615	0.1	15.1568047337278	17.0140562248996	6.32274187285501	0.00100482206759076	0.0194752708993201	3.52770910719606e-05	Ctsg/Emilin2/Il6	3
GO:0032602	chemokine production	5/169	115/25615	0.0434782608695652	6.58991510162079	7.02217294900222	4.89616827355369	0.00100785267972128	0.0194752708993201	3.52770910719606e-05	Card9/Elane/Il6/Il1rl1/Il4	5
GO:0032642	regulation of chemokine production	5/169	115/25615	0.0434782608695652	6.58991510162079	7.02217294900222	4.89616827355369	0.00100785267972128	0.0194752708993201	3.52770910719606e-05	Card9/Elane/Il6/Il1rl1/Il4	5
GO:0009152	purine ribonucleotide biosynthetic process	6/169	175/25615	0.0342857142857143	5.19661876584953	5.50557229462373	4.53975360995609	0.00110247179414083	0.0210833691398451	3.8189965987895e-05	Adss1/Gucy2e/Ednrb/Il4/Adcyap1r1/Papss2	6
GO:0006837	serotonin transport	3/169	31/25615	0.0967741935483871	14.6678755487688	16.4057659208262	6.20540216568826	0.00110711755757177	0.0210833691398451	3.8189965987895e-05	Htr1b/Fcer1a/Slc6a4	3
GO:1905517	macrophage migration	4/169	69/25615	0.0579710144927536	8.78655346882772	9.46610722610723	5.27813695696713	0.00113220597163654	0.0214060236939628	3.87744155778e-05	Mtus1/Ednrb/C5ar1/Ccl3	4
GO:0002821	positive regulation of adaptive immune response	6/169	178/25615	0.0337078651685393	5.10903530350376	5.40890283920673	4.48321144435884	0.00120305221781658	0.0225830087744427	4.0906381294173e-05	Card9/C3/Il6/Il4/Skap1/Fcer1a	6
GO:1903037	regulation of leukocyte cell-cell adhesion	9/169	393/25615	0.0229007633587786	3.47102398482316	3.67119140625	4.02305313732819	0.00124622542058315	0.0232275206049115	4.20738363020105e-05	Dapl1/Ctsg/Elane/Ets1/Il6/Il4/Skap1/Tarm1/Alox5	9
GO:0009165	nucleotide biosynthetic process	7/169	247/25615	0.0283400809716599	4.29545073425485	4.53811728395062	4.24123639066271	0.00130728386389184	0.0240247691909633	4.35179554170942e-05	Pnp2/Adss1/Gucy2e/Ednrb/Il4/Adcyap1r1/Papss2	7
GO:0019722	calcium-mediated signaling	7/169	247/25615	0.0283400809716599	4.29545073425485	4.53811728395062	4.24123639066271	0.00130728386389184	0.0240247691909633	4.35179554170942e-05	Ncam1/Ccr1/Ednrb/Ccl3/Fcer1a/Tmem38b/Atp1b1	7
GO:1901568	fatty acid derivative metabolic process	4/169	72/25615	0.0555555555555556	8.42044707429323	9.04741532976827	5.1384562342804	0.00132690526421766	0.0240353420870554	4.35371069359749e-05	Far2/Cyp4f18/Alox15/Alox5	4
GO:0002675	positive regulation of acute inflammatory response	3/169	33/25615	0.0909090909090909	13.778913394298	15.310843373494	5.98626506439564	0.00133089002684469	0.0240353420870554	4.35371069359749e-05	C3/Il6/Fcer1a	3
GO:0002703	regulation of leukocyte mediated immunity	8/169	320/25615	0.025	3.78920118343195	4.00286669851887	4.09175650543219	0.00133567333045268	0.0240353420870554	4.35371069359749e-05	Pram1/Pla2g3/Il18rap/C3/Il6/Il4/Fcer1a/Clec12b	8
GO:0006633	fatty acid biosynthetic process	6/169	182/25615	0.032967032967033	4.99674881331686	5.28513664249861	4.40977109586952	0.00134791799896299	0.0240353420870554	4.35371069359749e-05	Gstm4/Pla2g3/Alox15/Gstm1/Mlxipl/Alox5	6
GO:0009410	response to xenobiotic stimulus	10/169	479/25615	0.0208768267223382	3.16425986090351	3.34942537983935	3.89673947701832	0.00135358851936233	0.0240353420870554	4.35371069359749e-05	Gstm4/Pnp2/Card9/Ncam1/Alas1/Htr1b/Gstm1/Ccl3/Ccl4/Slc6a4	10
GO:0009190	cyclic nucleotide biosynthetic process	3/169	34/25615	0.0882352941176471	13.3736512356422	14.8163622230859	5.88370465075147	0.00145265422319645	0.0256213107285925	4.64098967674493e-05	Gucy2e/Ednrb/Adcyap1r1	3
GO:0043270	positive regulation of monoatomic ion transport	7/169	252/25615	0.0277777777777778	4.21022353714661	4.44462081128748	4.17356832478447	0.00146616348042473	0.0256871841770412	4.65292185295016e-05	Grm6/Ccr1/Adcyap1r1/Ccl3/Alox5/Slc6a4/Atp1b1	7
GO:0002064	epithelial cell development	7/169	254/25615	0.0275590551181102	4.17707217071239	4.40828210126456	4.14699054495762	0.00153377857221459	0.0266369556171284	4.82496142951221e-05	Pde2a/Klf5/Ednrb/Acta2/Cdh1/Plod3/Id1	7
GO:1903034	regulation of response to wounding	6/169	187/25615	0.0320855614973262	4.86314590386989	5.13812154696133	4.32093871179797	0.00154731569287088	0.0266369556171284	4.82496142951221e-05	F3/Plg/Emilin2/F12/F7/Alox5	6
GO:0006691	leukotriene metabolic process	3/169	35/25615	0.0857142857142857	12.9915469146238	14.3527861445783	5.78537156176882	0.00158118914622224	0.0266369556171284	4.82496142951221e-05	Cyp4f18/Fcer1a/Alox5	3
GO:0030262	apoptotic nuclear changes	3/169	35/25615	0.0857142857142857	12.9915469146238	14.3527861445783	5.78537156176882	0.00158118914622224	0.0266369556171284	4.82496142951221e-05	Il6/Acvr1c/Dnase2b	3
GO:0043302	positive regulation of leukocyte degranulation	3/169	35/25615	0.0857142857142857	12.9915469146238	14.3527861445783	5.78537156176882	0.00158118914622224	0.0266369556171284	4.82496142951221e-05	Pla2g3/Il4/Fcer1a	3
GO:0043304	regulation of mast cell degranulation	3/169	35/25615	0.0857142857142857	12.9915469146238	14.3527861445783	5.78537156176882	0.00158118914622224	0.0266369556171284	4.82496142951221e-05	Pla2g3/Il4/Fcer1a	3
GO:0001885	endothelial cell development	4/169	76/25615	0.0526315789473684	7.97726564933043	8.54343434343434	4.96435012757677	0.0016213448759092	0.0269676856575276	4.88486916489474e-05	Pde2a/Ednrb/Plod3/Id1	4
GO:1903409	reactive oxygen species biosynthetic process	4/169	76/25615	0.0526315789473684	7.97726564933043	8.54343434343434	4.96435012757677	0.0016213448759092	0.0269676856575276	4.88486916489474e-05	Mpo/Ncf2/Il4/Alox5	4
GO:0050728	negative regulation of inflammatory response	6/169	189/25615	0.0317460317460317	4.81168404245327	5.08156492004425	4.2862852350874	0.00163307054064388	0.0269918828981893	4.88925220155146e-05	Hgf/Ets1/Tnfaip6/Il4/Cst7/Alox5	6
GO:0006921	cellular component disassembly involved in execution phase of apoptosis	3/169	36/25615	0.0833333333333333	12.6306706114398	13.9173055859803	5.69097292296633	0.0017166293915396	0.0277696226635682	5.03013032681806e-05	Il6/Acvr1c/Dnase2b	3
GO:0010574	regulation of vascular endothelial growth factor production	3/169	36/25615	0.0833333333333333	12.6306706114398	13.9173055859803	5.69097292296633	0.0017166293915396	0.0277696226635682	5.03013032681806e-05	C3/Il6/C5ar1	3
GO:0045454	cell redox homeostasis	3/169	36/25615	0.0833333333333333	12.6306706114398	13.9173055859803	5.69097292296633	0.0017166293915396	0.0277696226635682	5.03013032681806e-05	Gsr/Il6/Ero1a	3
GO:0009260	ribonucleotide biosynthetic process	6/169	191/25615	0.031413612565445	4.76129991635429	5.02623113911458	4.25211499836972	0.00172239288210107	0.0277696226635682	5.03013032681806e-05	Adss1/Gucy2e/Ednrb/Il4/Adcyap1r1/Papss2	6
GO:0009620	response to fungus	4/169	78/25615	0.0512820512820513	7.77272037627067	8.31187551187551	4.88200030196743	0.00178435354019615	0.0285931774611919	5.17930728948377e-05	Mpo/Card9/Ctsg/Elane	4
GO:0072523	purine-containing compound catabolic process	6/169	194/25615	0.0309278350515464	4.68767156713231	4.94543793238481	4.20173905944519	0.00186327434411709	0.0289327669617585	5.24081980861893e-05	Gpi1/Hk3/Pnp2/Pde2a/Ncf2/Mlxipl	6
GO:0050918	positive chemotaxis	4/169	79/25615	0.0506329113924051	7.67433151074826	8.20072727272727	4.84191519197358	0.00186997069368105	0.0289327669617585	5.24081980861893e-05	Hgf/F3/Ccl3/F7	4
GO:0002001	renin secretion into blood stream	2/169	10/25615	0.2	30.3136094674556	38.0808383233533	7.55577820548072	0.00188074161741062	0.0289327669617585	5.24081980861893e-05	Sucnr1/Ednrb	2
GO:0070831	basement membrane assembly	2/169	10/25615	0.2	30.3136094674556	38.0808383233533	7.55577820548072	0.00188074161741062	0.0289327669617585	5.24081980861893e-05	Lamb1/Plod3	2
GO:0090324	negative regulation of oxidative phosphorylation	2/169	10/25615	0.2	30.3136094674556	38.0808383233533	7.55577820548072	0.00188074161741062	0.0289327669617585	5.24081980861893e-05	Pde2a/Mlxipl	2
GO:1903799	negative regulation of miRNA processing	2/169	10/25615	0.2	30.3136094674556	38.0808383233533	7.55577820548072	0.00188074161741062	0.0289327669617585	5.24081980861893e-05	Lin28a/Il6	2
GO:0002366	leukocyte activation involved in immune response	8/169	338/25615	0.0236686390532544	3.58740940443262	3.78181818181818	3.90241122096807	0.00188261154888155	0.0289327669617585	5.24081980861893e-05	Anxa3/Sucnr1/Pram1/Pla2g3/Il6/Il4/Ccl3/Fcer1a	8
GO:0031640	killing of cells of another organism	5/169	133/25615	0.037593984962406	5.69804689237888	6.0303925304878	4.42688974352751	0.0019196837695095	0.0291614389957859	5.28224097401219e-05	Mpo/C3/Ctsg/Elane/Trem3	5
GO:0141061	disruption of cell in another organism	5/169	133/25615	0.037593984962406	5.69804689237888	6.0303925304878	4.42688974352751	0.0019196837695095	0.0291614389957859	5.28224097401219e-05	Mpo/C3/Ctsg/Elane/Trem3	5
GO:0045123	cellular extravasation	4/169	80/25615	0.05	7.5784023668639	8.09250398724083	4.80252671497202	0.00195839242197596	0.0295784786491542	5.35778264893188e-05	Itga1/Elane/Prtn3/Trem3	4
GO:0072526	pyridine-containing compound catabolic process	5/169	134/25615	0.0373134328358209	5.65552415437605	5.9834089619966	4.40336861829336	0.0019836290757842	0.0297884412066335	5.39581481957634e-05	Gpi1/Hk3/Pnp2/Ncf2/Mlxipl	5
GO:0002263	cell activation involved in immune response	8/169	342/25615	0.0233918128654971	3.54545139970241	3.73593186298211	3.86208437241951	0.00202528363093617	0.0302411669437515	5.47782059572957e-05	Anxa3/Sucnr1/Pram1/Pla2g3/Il6/Il4/Ccl3/Fcer1a	8
GO:0097305	response to alcohol	8/169	344/25615	0.0232558139534884	3.52483831016926	3.7133984028394	3.84214607345174	0.0020997456394533	0.0307414584624478	5.56844233628875e-05	Card9/Ncam1/Alas1/Ptgfr/Htr1b/Cdh1/Ccl3/F7	8
GO:0016052	carbohydrate catabolic process	6/169	199/25615	0.0301507537688442	4.5698908744908	4.81636415652119	4.12002803704226	0.00211727700978046	0.0307414584624478	5.56844233628875e-05	Gpi1/Hk3/Hsd11b1/Mgam/Mlxipl/Chit1	6
GO:0032640	tumor necrosis factor production	6/169	199/25615	0.0301507537688442	4.5698908744908	4.81636415652119	4.12002803704226	0.00211727700978046	0.0307414584624478	5.56844233628875e-05	Card9/Il6/Il4/Ccl3/Ccl4/Tlr5	6
GO:0032680	regulation of tumor necrosis factor production	6/169	199/25615	0.0301507537688442	4.5698908744908	4.81636415652119	4.12002803704226	0.00211727700978046	0.0307414584624478	5.56844233628875e-05	Card9/Il6/Il4/Ccl3/Ccl4/Tlr5	6
GO:0046390	ribose phosphate biosynthetic process	6/169	199/25615	0.0301507537688442	4.5698908744908	4.81636415652119	4.12002803704226	0.00211727700978046	0.0307414584624478	5.56844233628875e-05	Adss1/Gucy2e/Ednrb/Il4/Adcyap1r1/Papss2	6
GO:0010573	vascular endothelial growth factor production	3/169	39/25615	0.0769230769230769	11.659080564406	12.7560240963855	5.42885234894626	0.0021656755885731	0.0310826168588265	5.63023904187109e-05	C3/Il6/C5ar1	3
GO:0045055	regulated exocytosis	7/169	271/25615	0.025830258302583	3.91504181314003	4.121632996633	3.93155311734764	0.00221170866446809	0.0310826168588265	5.63023904187109e-05	Anxa3/Pram1/Pla2g3/Htr1b/Il4/Ccl3/Fcer1a	7
GO:0045428	regulation of nitric oxide biosynthetic process	4/169	83/25615	0.0481927710843374	7.30448420902545	7.78427311085539	4.68833334717812	0.00224095224760739	0.0310826168588265	5.63023904187109e-05	Gla/Il6/Il4/Tlr5	4
GO:0071706	tumor necrosis factor superfamily cytokine production	6/169	202/25615	0.0297029702970297	4.50202120803796	4.74208088143233	4.07229078713783	0.00228173712825098	0.0310826168588265	5.63023904187109e-05	Card9/Il6/Il4/Ccl3/Ccl4/Tlr5	6
GO:1903555	regulation of tumor necrosis factor superfamily cytokine production	6/169	202/25615	0.0297029702970297	4.50202120803796	4.74208088143233	4.07229078713783	0.00228173712825098	0.0310826168588265	5.63023904187109e-05	Card9/Il6/Il4/Ccl3/Ccl4/Tlr5	6
GO:0014062	regulation of serotonin secretion	2/169	11/25615	0.181818181818182	27.557826788596	33.8483033932136	7.17971592068724	0.00228873383027769	0.0310826168588265	5.63023904187109e-05	Htr1b/Slc6a4	2
GO:0031452	negative regulation of heterochromatin formation	2/169	11/25615	0.181818181818182	27.557826788596	33.8483033932136	7.17971592068724	0.00228873383027769	0.0310826168588265	5.63023904187109e-05	Elane/Dnmt3l	2
GO:0051122	hepoxilin biosynthetic process	2/169	11/25615	0.181818181818182	27.557826788596	33.8483033932136	7.17971592068724	0.00228873383027769	0.0310826168588265	5.63023904187109e-05	Alox15/Gstm1	2
GO:0060693	regulation of branching involved in salivary gland morphogenesis	2/169	11/25615	0.181818181818182	27.557826788596	33.8483033932136	7.17971592068724	0.00228873383027769	0.0310826168588265	5.63023904187109e-05	Hgf/Cdh1	2
GO:0070305	response to cGMP	2/169	11/25615	0.181818181818182	27.557826788596	33.8483033932136	7.17971592068724	0.00228873383027769	0.0310826168588265	5.63023904187109e-05	Pde2a/Slc6a4	2
GO:0120262	negative regulation of heterochromatin organization	2/169	11/25615	0.181818181818182	27.557826788596	33.8483033932136	7.17971592068724	0.00228873383027769	0.0310826168588265	5.63023904187109e-05	Elane/Dnmt3l	2
GO:1901856	negative regulation of cellular respiration	2/169	11/25615	0.181818181818182	27.557826788596	33.8483033932136	7.17971592068724	0.00228873383027769	0.0310826168588265	5.63023904187109e-05	Pde2a/Mlxipl	2
GO:0030316	osteoclast differentiation	5/169	139/25615	0.0359712230215827	5.45208803371504	5.75900982890426	4.28921500685196	0.00232694490707988	0.0310826168588265	5.63023904187109e-05	Ccr1/Tnfaip6/Il4/Ccl3/Fstl3	5
GO:0002438	acute inflammatory response to antigenic stimulus	3/169	40/25615	0.075	11.3676035502959	12.4107782481276	5.34777158950205	0.0023300135164341	0.0310826168588265	5.63023904187109e-05	C3/Elane/Fcer1a	3
GO:0007435	salivary gland morphogenesis	3/169	40/25615	0.075	11.3676035502959	12.4107782481276	5.34777158950205	0.0023300135164341	0.0310826168588265	5.63023904187109e-05	Hgf/Il6/Cdh1	3
GO:0150077	regulation of neuroinflammatory response	3/169	40/25615	0.075	11.3676035502959	12.4107782481276	5.34777158950205	0.0023300135164341	0.0310826168588265	5.63023904187109e-05	Cd200r3/Ccr1/Cst7	3
GO:0072522	purine-containing compound biosynthetic process	7/169	275/25615	0.0254545454545455	3.85809575040344	4.05947116270499	3.88339984838287	0.00240049802886947	0.0318611556559039	5.77126190203839e-05	Pnp2/Adss1/Gucy2e/Ednrb/Il4/Adcyap1r1/Papss2	7
GO:0034110	regulation of homotypic cell-cell adhesion	3/169	41/25615	0.0731707317073171	11.0903449271179	12.0837032339886	5.26951813873342	0.00250187799794957	0.0330398762744296	5.9847728453423e-05	Ctsg/Emilin2/Il6	3
GO:0080164	regulation of nitric oxide metabolic process	4/169	86/25615	0.0465116279069767	7.04967662033852	7.49859571322986	4.57969734345933	0.0025504270328274	0.033512611211352	6.07040304534785e-05	Gla/Il6/Il4/Tlr5	4
GO:0007159	leukocyte cell-cell adhesion	9/169	438/25615	0.0205479452054795	3.11441193158791	3.28020104895105	3.63744939158694	0.00259916806840687	0.0335818864433833	6.0829514133887e-05	Dapl1/Ctsg/Elane/Ets1/Il6/Il4/Skap1/Tarm1/Alox5	9
GO:0007566	embryo implantation	4/169	87/25615	0.0459770114942529	6.9686458545875	7.40795910916393	4.54463841632295	0.00265978065052127	0.0335818864433833	6.0829514133887e-05	Lamb1/Cdh1/Acvr1c/Prss28	4
GO:0032722	positive regulation of chemokine production	4/169	87/25615	0.0459770114942529	6.9686458545875	7.40795910916393	4.54463841632295	0.00265978065052127	0.0335818864433833	6.0829514133887e-05	Card9/Il6/Il1rl1/Il4	4
GO:0032757	positive regulation of interleukin-8 production	4/169	87/25615	0.0459770114942529	6.9686458545875	7.40795910916393	4.54463841632295	0.00265978065052127	0.0335818864433833	6.0829514133887e-05	F3/Elane/Il6/Tlr5	4
GO:0001999	renal response to blood flow involved in circulatory renin-angiotensin regulation of systemic arterial blood pressure	2/169	12/25615	0.166666666666667	25.2613412228797	30.4622754491018	6.85065811468685	0.00273459805893609	0.0335818864433833	6.0829514133887e-05	Sucnr1/Ednrb	2
GO:0002885	positive regulation of hypersensitivity	2/169	12/25615	0.166666666666667	25.2613412228797	30.4622754491018	6.85065811468685	0.00273459805893609	0.0335818864433833	6.0829514133887e-05	C3/Fcer1a	2
GO:0019532	oxalate transport	2/169	12/25615	0.166666666666667	25.2613412228797	30.4622754491018	6.85065811468685	0.00273459805893609	0.0335818864433833	6.0829514133887e-05	Slc26a10/Slc26a3	2
GO:0032725	positive regulation of granulocyte macrophage colony-stimulating factor production	2/169	12/25615	0.166666666666667	25.2613412228797	30.4622754491018	6.85065811468685	0.00273459805893609	0.0335818864433833	6.0829514133887e-05	Card9/Fcer1a	2
GO:0034116	positive regulation of heterotypic cell-cell adhesion	2/169	12/25615	0.166666666666667	25.2613412228797	30.4622754491018	6.85065811468685	0.00273459805893609	0.0335818864433833	6.0829514133887e-05	Alox15/Skap1	2
GO:0035745	T-helper 2 cell cytokine production	2/169	12/25615	0.166666666666667	25.2613412228797	30.4622754491018	6.85065811468685	0.00273459805893609	0.0335818864433833	6.0829514133887e-05	Il6/Il4	2
GO:0042451	purine nucleoside biosynthetic process	2/169	12/25615	0.166666666666667	25.2613412228797	30.4622754491018	6.85065811468685	0.00273459805893609	0.0335818864433833	6.0829514133887e-05	Pnp2/Adss1	2
GO:0097278	complement-dependent cytotoxicity	2/169	12/25615	0.166666666666667	25.2613412228797	30.4622754491018	6.85065811468685	0.00273459805893609	0.0335818864433833	6.0829514133887e-05	C3/Il4	2
GO:1901299	negative regulation of hydrogen peroxide-mediated programmed cell death	2/169	12/25615	0.166666666666667	25.2613412228797	30.4622754491018	6.85065811468685	0.00273459805893609	0.0335818864433833	6.0829514133887e-05	Hk3/Hgf	2
GO:2000551	regulation of T-helper 2 cell cytokine production	2/169	12/25615	0.166666666666667	25.2613412228797	30.4622754491018	6.85065811468685	0.00273459805893609	0.0335818864433833	6.0829514133887e-05	Il6/Il4	2
GO:0062197	cellular response to chemical stress	8/169	360/25615	0.0222222222222222	3.36817882971729	3.54234895539243	3.68777445678112	0.0027760987180519	0.0339329647955367	6.14654499864014e-05	Mpo/Hk3/Hgf/Il18rap/Gsr/Il6/Adcyap1r1/Alox5	8
GO:0030282	bone mineralization	5/169	145/25615	0.0344827586206897	5.22648439094062	5.51088850174216	4.15930809684435	0.00279373028948301	0.0339405879795227	6.14792584595736e-05	Sgms2/Ccr1/Alox15/Alox5/Tmem38b	5
GO:0032496	response to lipopolysaccharide	9/169	443/25615	0.0203160270880361	3.07926055538488	3.24176267281106	3.59769390080351	0.0028025523559956	0.0339405879795227	6.14792584595736e-05	Mpo/Cd300lb/Pde2a/Ctsg/Elane/Ptgfr/Il6/Ncf2/Ednrb	9
GO:0042742	defense response to bacterium	9/169	444/25615	0.0202702702702703	3.07232528386375	3.23418103448276	3.58981005305543	0.00284470199181636	0.0342930130022632	6.21176336425184e-05	Anxa3/Mpo/Card9/Ctsg/Elane/Emilin2/C5ar1/Defb40/Trem3	9
GO:0042092	type 2 immune response	3/169	43/25615	0.0697674418604651	10.5745149305078	11.4786144578313	5.12083702323773	0.00286864033133443	0.0343748403812232	6.22658540146341e-05	Il6/Il4/Fcer1a	3
GO:0046683	response to organophosphorus	5/169	146/25615	0.0342465753424658	5.19068655264651	5.47158796056046	4.13835700284904	0.00287765026022416	0.0343748403812232	6.22658540146341e-05	Aqp9/Pde2a/Slc26a3/Alas1/Slc6a4	5
GO:0071560	cellular response to transforming growth factor beta stimulus	7/169	285/25615	0.0245614035087719	3.72272396968753	3.91189270805578	3.76687096232803	0.00292693657640204	0.0348053815510614	6.30457271233126e-05	Gdf11/Ccr1/Acta2/Spry2/Il4/Acvr1c/Ero1a	7
GO:0071675	regulation of mononuclear cell migration	5/169	148/25615	0.0337837837837838	5.12054213977291	5.39463585195293	4.09702502760721	0.00305093739806523	0.0361165021716911	6.54206631013223e-05	Mtus1/Ccr1/Il4/C5ar1/Ccl3	5
GO:0048012	hepatocyte growth factor receptor signaling pathway	2/169	13/25615	0.153846153846154	23.318161128812	27.691888949374	6.55941987950401	0.00321782278843107	0.037921247928237	6.86897411410855e-05	Hgf/Muc20	2
GO:0045638	negative regulation of myeloid cell differentiation	4/169	92/25615	0.0434782608695652	6.58991510162079	6.98567493112948	4.37729240746452	0.00325504817223286	0.0381566679461957	6.91161759494444e-05	Tnfaip6/Il4/Ccl3/Fstl3	4
GO:0032733	positive regulation of interleukin-10 production	3/169	45/25615	0.0666666666666667	10.1045364891519	10.9311531841652	4.98162494226817	0.0032668380090921	0.0381566679461957	6.91161759494444e-05	Hgf/Il6/Il4	3
GO:0141060	disruption of anatomical structure in another organism	5/169	151/25615	0.033112582781457	5.01880951447941	5.28316070831941	4.03640630694992	0.0033248185425191	0.0386620492466381	7.00316128773278e-05	Mpo/C3/Ctsg/Elane/Trem3	5
GO:0019369	arachidonate metabolic process	4/169	93/25615	0.043010752688172	6.51905579945282	6.90691181477698	4.3453143575651	0.00338411348672526	0.0391781949035859	7.09665481314085e-05	Cyp4f18/Alox15/Alox12e/Alox5	4
GO:0071559	response to transforming growth factor beta	7/169	294/25615	0.0238095238095238	3.60876303183996	3.78786510087323	3.66640269633263	0.00347258718833296	0.039739758029257	7.19837516213814e-05	Gdf11/Ccr1/Acta2/Spry2/Il4/Acvr1c/Ero1a	7
GO:0002548	monocyte chemotaxis	3/169	46/25615	0.0652173913043478	9.88487265243118	10.6765200336229	4.91524924491384	0.00347798491123634	0.039739758029257	7.19837516213814e-05	Ccr1/Ctsg/Ccl3	3
GO:0007431	salivary gland development	3/169	46/25615	0.0652173913043478	9.88487265243118	10.6765200336229	4.91524924491384	0.00347798491123634	0.039739758029257	7.19837516213814e-05	Hgf/Il6/Cdh1	3
GO:0002697	regulation of immune effector process	9/169	461/25615	0.0195227765726681	2.95902912372126	3.11042588495575	3.45907612935076	0.0036412644660431	0.0409300218116456	7.41397700956837e-05	Gpi1/Pram1/Pla2g3/Il18rap/C3/Il6/Il4/Fcer1a/Clec12b	9
GO:0002866	positive regulation of acute inflammatory response to antigenic stimulus	2/169	14/25615	0.142857142857143	21.6525781910397	25.3832335329341	6.29915248582494	0.0037379015353101	0.0409300218116456	7.41397700956837e-05	C3/Fcer1a	2
GO:0003071	renal system process involved in regulation of systemic arterial blood pressure	2/169	14/25615	0.142857142857143	21.6525781910397	25.3832335329341	6.29915248582494	0.0037379015353101	0.0409300218116456	7.41397700956837e-05	Sucnr1/Ednrb	2
GO:0019370	leukotriene biosynthetic process	2/169	14/25615	0.142857142857143	21.6525781910397	25.3832335329341	6.29915248582494	0.0037379015353101	0.0409300218116456	7.41397700956837e-05	Fcer1a/Alox5	2
GO:0021534	cell proliferation in hindbrain	2/169	14/25615	0.142857142857143	21.6525781910397	25.3832335329341	6.29915248582494	0.0037379015353101	0.0409300218116456	7.41397700956837e-05	C5ar1/Slc6a4	2
GO:0031445	regulation of heterochromatin formation	2/169	14/25615	0.142857142857143	21.6525781910397	25.3832335329341	6.29915248582494	0.0037379015353101	0.0409300218116456	7.41397700956837e-05	Elane/Dnmt3l	2
GO:0034374	low-density lipoprotein particle remodeling	2/169	14/25615	0.142857142857143	21.6525781910397	25.3832335329341	6.29915248582494	0.0037379015353101	0.0409300218116456	7.41397700956837e-05	Mpo/Pla2g3	2
GO:0051917	regulation of fibrinolysis	2/169	14/25615	0.142857142857143	21.6525781910397	25.3832335329341	6.29915248582494	0.0037379015353101	0.0409300218116456	7.41397700956837e-05	Plg/F12	2
GO:1905268	negative regulation of chromatin organization	2/169	14/25615	0.142857142857143	21.6525781910397	25.3832335329341	6.29915248582494	0.0037379015353101	0.0409300218116456	7.41397700956837e-05	Elane/Dnmt3l	2
GO:1990839	response to endothelin	2/169	14/25615	0.142857142857143	21.6525781910397	25.3832335329341	6.29915248582494	0.0037379015353101	0.0409300218116456	7.41397700956837e-05	Klf5/Ednrb	2
GO:0006809	nitric oxide biosynthetic process	4/169	97/25615	0.0412371134020619	6.25022875617642	6.60879765395894	4.22194985115911	0.0039352070360992	0.0429117182193722	7.77293727776567e-05	Gla/Il6/Il4/Tlr5	4
GO:0002699	positive regulation of immune effector process	7/169	302/25615	0.0231788079470199	3.51316666013559	3.68397154216363	3.58034803431817	0.00401985328027769	0.0436536133081395	7.90732257462538e-05	Gpi1/Pla2g3/Il18rap/C3/Il6/Il4/Fcer1a	7
GO:0006739	NADP+ metabolic process	3/169	49/25615	0.0612244897959184	9.27967636758846	9.97904662126768	4.72772604531995	0.00416079162618337	0.0446067454912441	8.07997090902247e-05	Hsd11b1/Ncf2/Pgd	3
GO:0046636	negative regulation of alpha-beta T cell activation	3/169	49/25615	0.0612244897959184	9.27967636758846	9.97904662126768	4.72772604531995	0.00416079162618337	0.0446067454912441	8.07997090902247e-05	Dapl1/Il4/Tarm1	3
GO:0050777	negative regulation of immune response	6/169	229/25615	0.0262008733624454	3.97121521407716	4.16347079699579	3.68067106444664	0.00422836004365501	0.0446067454912441	8.07997090902247e-05	Ccr1/Alox15/Il1rl1/Il4/Dtx4/Clec12b	6
GO:0034614	cellular response to reactive oxygen species	5/169	160/25615	0.03125	4.73650147928994	4.97462627852085	3.86376667744313	0.00425248014192026	0.0446067454912441	8.07997090902247e-05	Mpo/Hk3/Hgf/Il18rap/Il6	5
GO:0002767	immune response-inhibiting cell surface receptor signaling pathway	2/169	15/25615	0.133333333333333	20.2090729783037	23.4297558728696	6.06463051565275	0.00429433280414184	0.0446067454912441	8.07997090902247e-05	Lilrb4b/Clec12b	2
GO:0002883	regulation of hypersensitivity	2/169	15/25615	0.133333333333333	20.2090729783037	23.4297558728696	6.06463051565275	0.00429433280414184	0.0446067454912441	8.07997090902247e-05	C3/Fcer1a	2
GO:0006002	fructose 6-phosphate metabolic process	2/169	15/25615	0.133333333333333	20.2090729783037	23.4297558728696	6.06463051565275	0.00429433280414184	0.0446067454912441	8.07997090902247e-05	Gpi1/Hk3	2
GO:0032494	response to peptidoglycan	2/169	15/25615	0.133333333333333	20.2090729783037	23.4297558728696	6.06463051565275	0.00429433280414184	0.0446067454912441	8.07997090902247e-05	Card9/C5ar1	2
GO:0032604	granulocyte macrophage colony-stimulating factor production	2/169	15/25615	0.133333333333333	20.2090729783037	23.4297558728696	6.06463051565275	0.00429433280414184	0.0446067454912441	8.07997090902247e-05	Card9/Fcer1a	2
GO:0032645	regulation of granulocyte macrophage colony-stimulating factor production	2/169	15/25615	0.133333333333333	20.2090729783037	23.4297558728696	6.06463051565275	0.00429433280414184	0.0446067454912441	8.07997090902247e-05	Card9/Fcer1a	2
GO:0033137	negative regulation of peptidyl-serine phosphorylation	2/169	15/25615	0.133333333333333	20.2090729783037	23.4297558728696	6.06463051565275	0.00429433280414184	0.0446067454912441	8.07997090902247e-05	Hgf/Inpp5j	2
GO:0071677	positive regulation of mononuclear cell migration	4/169	101/25615	0.0396039603960396	6.00269494405062	6.33527022805373	4.10532672014964	0.00454408306748732	0.0468952561705314	8.49450686115236e-05	Ccr1/Il4/C5ar1/Ccl3	4
GO:0007188	adenylate cyclase-modulating G protein-coupled receptor signaling pathway	7/169	309/25615	0.0226537216828479	3.43358036039141	3.59757991987573	3.50740141778657	0.00455033878367028	0.0468952561705314	8.49450686115236e-05	Grm6/Pde2a/Ptgfr/Htr1b/Adcyap1r1/C5ar1/Hrh4	7
GO:0001774	microglial cell activation	3/169	51/25615	0.0588235294117647	8.91576749042813	9.5625	4.61143409564313	0.00465805322037753	0.0472639531395836	8.56129184515823e-05	Il4/C5ar1/Cst7	3
GO:0002269	leukocyte activation involved in inflammatory response	3/169	51/25615	0.0588235294117647	8.91576749042813	9.5625	4.61143409564313	0.00465805322037753	0.0472639531395836	8.56129184515823e-05	Il4/C5ar1/Cst7	3
GO:0003382	epithelial cell morphogenesis	3/169	51/25615	0.0588235294117647	8.91576749042813	9.5625	4.61143409564313	0.00465805322037753	0.0472639531395836	8.56129184515823e-05	Cdh1/Plod3/Id1	3
GO:0032924	activin receptor signaling pathway	3/169	51/25615	0.0588235294117647	8.91576749042813	9.5625	4.61143409564313	0.00465805322037753	0.0472639531395836	8.56129184515823e-05	Gdf11/Acvr1c/Fstl3	3
GO:0031099	regeneration	6/169	234/25615	0.0256410256410256	3.88636018813534	4.0713593800452	3.61473432624705	0.00469300829099763	0.0473809766931029	8.58248924249563e-05	Hgf/Klf5/Ptpru/Plg/Il6/F7	6
GO:0051591	response to cAMP	4/169	102/25615	0.0392156862745098	5.94384499361875	6.27037724180581	4.077147849246	0.00470564494554789	0.0473809766931029	8.58248924249563e-05	Aqp9/Pde2a/Slc26a3/Alas1	4
GO:0002449	lymphocyte mediated immunity	9/169	482/25615	0.0186721991701245	2.83010876770851	2.96983350951374	3.30560189364146	0.00485643612204217	0.0482410743132292	8.73828549422856e-05	Il18rap/Card9/C3/Il6/Il4/Csf2rb2/Fcer1a/Hcst/Clec12b	9
GO:0010155	regulation of proton transport	2/169	16/25615	0.125	18.9460059171598	21.7553464499572	5.85178809740964	0.00488662004438448	0.0482410743132292	8.73828549422856e-05	Il4/Alox5	2
GO:0048484	enteric nervous system development	2/169	16/25615	0.125	18.9460059171598	21.7553464499572	5.85178809740964	0.00488662004438448	0.0482410743132292	8.73828549422856e-05	Ednrb/Slc6a4	2
GO:0120261	regulation of heterochromatin organization	2/169	16/25615	0.125	18.9460059171598	21.7553464499572	5.85178809740964	0.00488662004438448	0.0482410743132292	8.73828549422856e-05	Elane/Dnmt3l	2
GO:1903798	regulation of miRNA processing	2/169	16/25615	0.125	18.9460059171598	21.7553464499572	5.85178809740964	0.00488662004438448	0.0482410743132292	8.73828549422856e-05	Lin28a/Il6	2
GO:0002714	positive regulation of B cell mediated immunity	3/169	52/25615	0.0576923076923077	8.74431042330451	9.36697811654782	4.55565479760426	0.00491956161185138	0.0482410743132292	8.73828549422856e-05	C3/Il4/Fcer1a	3
GO:0002891	positive regulation of immunoglobulin mediated immune response	3/169	52/25615	0.0576923076923077	8.74431042330451	9.36697811654782	4.55565479760426	0.00491956161185138	0.0482410743132292	8.73828549422856e-05	C3/Il4/Fcer1a	3
GO:0002687	positive regulation of leukocyte migration	5/169	166/25615	0.0301204819277108	4.56530263064091	4.78810028783518	3.75566957796051	0.00496521214566903	0.0485077231182834	8.78658569107178e-05	Ccr1/Il4/C5ar1/Ccl3/F7	5
GO:0046209	nitric oxide metabolic process	4/169	104/25615	0.0384615384615385	5.829540282203	6.14448484848485	4.02189765125363	0.00504026700641433	0.0490019450115396	8.87610799260119e-05	Gla/Il6/Il4/Tlr5	4
GO:0050673	epithelial cell proliferation	9/169	485/25615	0.0185567010309278	2.81260294027939	2.95076155462185	3.2843512605931	0.00505309250309256	0.0490019450115396	8.87610799260119e-05	Hgf/F3/Il6/Ednrb/C5ar1/Cdh1/Alox5/Clec12b/Id1	9
GO:0045664	regulation of neuron differentiation	6/169	238/25615	0.0252100840336134	3.82104321018348	4.00052887666596	3.5632834481384	0.00509098358022786	0.0490150140340524	8.87847528751478e-05	Nin/Lin28a/Gdf11/Il6/Ednrb/Slc6a4	6
GO:1903305	regulation of regulated secretory pathway	5/169	167/25615	0.029940119760479	4.53796548914006	4.7583559168925	3.73815489812563	0.00509174232545522	0.0490150140340524	8.87847528751478e-05	Pram1/Pla2g3/Htr1b/Il4/Fcer1a	5
