source	MHCneg	MHCpos	diff	Up_in
Irf4	8.77535117814937	10.0154359859324	1.24008480778303	MHCpos
Rfx5	2.99728447475282	4.10276666938045	1.10548219462763	MHCpos
Irf9	1.92260937850543	2.98681067498889	1.06420129648346	MHCpos
Pparg	2.36321395959065	3.39595723732648	1.03274327773584	MHCpos
Tbx21	9.08983515999629	8.05878354712615	-1.03105161287015	MHCneg
Smad4	1.05949534224226	0.0318902730189782	-1.02760506922328	MHCneg
Irf1	3.56720784044575	4.42226726304613	0.855059422600383	MHCpos
Nfkb1	3.18334182711348	4.03493588459644	0.851594057482965	MHCpos
Fli1	4.37321689233195	5.20752916021031	0.834312267878362	MHCpos
Mafb	5.68220583816314	6.49644480383613	0.814238965672992	MHCpos
Nr1h3	4.04955110212858	4.84130676012354	0.79175565799496	MHCpos
Rela	1.62964942760135	2.38186218535739	0.752212757756035	MHCpos
Ctcfl	5.64953759781876	6.38976037442016	0.740222776601402	MHCpos
Pou2f2	10.234348401974	10.8909804813526	0.656632079378525	MHCpos
Nr2f2	-0.373502046695257	0.269998558732234	0.643500605427491	MHCpos
Rel	2.5637280622034	1.94887676787664	-0.614851294326764	MHCneg
Relb	0.331858428574328	0.927894469088546	0.596036040514218	MHCpos
Mafg	5.3467223305583	5.9373431112006	0.590620780642295	MHCpos
Bach1	7.21290110256428	6.64180958088953	-0.571091521674751	MHCneg
Stat5b	0.662052355617032	1.19681499132421	0.534762635707178	MHCpos
Sox2	0.257299450919733	0.783864627170883	0.52656517625115	MHCpos
Esr1	6.1339121261159	6.65853119071326	0.524619064597359	MHCpos
Runx2	7.35538891209371	7.86867400547737	0.513285093383655	MHCpos
Pax8	0.221697315426301	0.725405889812748	0.503708574386446	MHCpos
Nfya	4.92255827743343	5.42390948395787	0.501351206524445	MHCpos
Myod1	4.42094529314141	4.91052082396855	0.489575530827134	MHCpos
Stat1	9.68510720641878	10.1693376122937	0.484230405874873	MHCpos
Tcf4	7.47059230912108	7.94926718143475	0.478674872313671	MHCpos
Nfe2	7.1747253373014	7.64717164664827	0.472446309346875	MHCpos
Runx3	1.72407656275264	2.19422446455301	0.470147901800371	MHCpos
Nfe2l2	4.80328700874157	5.27243879917903	0.469151790437462	MHCpos
Ppara	0.217386907869512	0.684879518514867	0.467492610645355	MHCpos
Rfx1	4.50936613747803	4.97560997655795	0.466243839079921	MHCpos
Pou4f2	4.40972527403256	4.87309356351788	0.463368289485315	MHCpos
Usf1	1.99256488477784	2.45068316412372	0.458118279345875	MHCpos
Cebpb	2.72786640009517	2.27620294529922	-0.451663454795947	MHCneg
Tead1	7.26962131037275	7.71644082405584	0.446819513683091	MHCpos
Foxl2	0.960997038050618	1.40613043106622	0.445133393015605	MHCpos
Mef2c	8.3404349055193	8.77833970783073	0.437904802311428	MHCpos
Nr5a1	-0.17183216529169	-0.598050439725919	-0.426218274434229	MHCneg
Smad1	4.55397498243542	4.97786293922207	0.42388795678665	MHCpos
Jun	2.76053152816496	3.18108264069611	0.420551112531156	MHCpos
Tead4	7.16649059958903	7.58697018490646	0.420479585317423	MHCpos
Hoxb13	4.63449029257295	5.05165167493496	0.417161382362008	MHCpos
Nr1h2	4.67434598982401	5.08554050079677	0.411194510972764	MHCpos
Cebpa	8.22446034431498	7.81532940301306	-0.409130941301919	MHCneg
Grhl2	5.04867538710404	5.45760641518674	0.408931028082702	MHCpos
Mnt	-7.48628066581307	-7.88864268507894	-0.402362019265867	MHCneg
Stat3	3.36088723645857	2.95947208547269	-0.401415150985871	MHCneg
Foxo3	6.64940607983293	6.24799165802634	-0.401414421806584	MHCneg
Fosl1	1.43390698069933	1.04322617168377	-0.390680809015562	MHCneg
Srebf2	2.85139108095718	2.46097479741695	-0.390416283540229	MHCneg
Nfyb	13.1713293015033	13.555647806055	0.384318504551626	MHCpos
Mef2a	9.90449493359175	10.2843978407427	0.379902907150933	MHCpos
Gata2	3.95885659662087	3.58255130060309	-0.376305296017788	MHCneg
Onecut1	4.99281621138405	5.36041656701049	0.367600355626433	MHCpos
Pax5	7.45267141960917	7.81879026336166	0.366118843752494	MHCpos
Zkscan1	6.76997959526954	7.13044760553798	0.360468010268439	MHCpos
Cebpd	3.69580663562922	3.33555486712637	-0.360251768502856	MHCneg
Junb	7.1929073725099	7.55233560292658	0.359428230416685	MHCpos
Esr2	3.53432566330105	3.89104282923258	0.356717165931531	MHCpos
Bhlhe22	-4.95007757826214	-4.59354718183369	0.356530396428449	MHCpos
Atf7	5.77948394119456	6.13136741988021	0.351883478685647	MHCpos
Pbx3	6.17456611447854	6.52415353114242	0.349587416663882	MHCpos
Foxa2	0.60452759911971	0.25598227155156	-0.34854532756815	MHCneg
Ctcf	4.94212232295983	4.59584237863782	-0.346279944322011	MHCneg
Kmt2a	1.1249913064502	1.46491163774821	0.339920331298012	MHCpos
Nfe2l1	5.22127222826121	5.55239820783455	0.331125979573333	MHCpos
Prdm1	4.74764306895513	5.07781233237363	0.330169263418495	MHCpos
Sp3	1.17681582926812	1.5023684126556	0.32555258338748	MHCpos
Foxp2	-6.21805596590109	-6.53724980038685	-0.319193834485756	MHCneg
Meis1	5.18966843956565	5.50359104328215	0.313922603716497	MHCpos
Foxj2	6.25305057122797	6.56646700337726	0.313416432149291	MHCpos
Klf5	7.84541713641911	8.15689351627074	0.311476379851622	MHCpos
Foxm1	4.32765466280337	4.6389345518353	0.311279889031931	MHCpos
Foxo1	2.12564187045832	2.4290513871	0.30340951664168	MHCpos
Batf	8.76464544943261	9.06756937569406	0.302923926261446	MHCpos
Esrra	7.62618186728355	7.9290930181024	0.302911150818854	MHCpos
Tal1	3.51766821137515	3.22274016275236	-0.294928048622791	MHCneg
Zbtb7a	-8.56725485174686	-8.27426139578007	0.292993455966784	MHCpos
Atf4	2.54296309828496	2.25014238993581	-0.292820708349153	MHCneg
Wt1	-0.173806937620406	-0.46625206217684	-0.292445124556434	MHCneg
Ets2	3.14748723035841	3.43510915775879	0.287621927400378	MHCpos
Hnf4a	2.84097924456974	2.55511953785831	-0.285859706711431	MHCneg
Erg	1.71324474965438	1.9980273598519	0.284782610197512	MHCpos
Zfp384	10.5356004307841	10.8180940055042	0.282493574720062	MHCpos
Myb	5.86689689262832	5.59951606295147	-0.267380829676847	MHCneg
Egr1	6.08097235316784	5.81368304855711	-0.267289304610723	MHCneg
Gata1	3.1911813447303	3.45714016187114	0.265958817140843	MHCpos
Jund	1.56884756902165	1.3063341546204	-0.262513414401249	MHCneg
Zfp24	-4.2493662112883	-4.51024878902534	-0.260882577737041	MHCneg
Sox9	0.561135737064453	0.820309184858596	0.259173447794143	MHCpos
Nfatc1	6.68369907911083	6.9406351286955	0.256936049584677	MHCpos
Ebf1	8.9701747070644	9.22168708100792	0.251512373943521	MHCpos
Ahr	3.11225827531685	2.86362341844442	-0.248634856872426	MHCneg
Xbp1	4.28583894801049	4.53038960370373	0.24455065569324	MHCpos
Stat5a	3.34969648846491	3.59333166024549	0.243635171780574	MHCpos
Sox11	3.03032589486182	3.27378849827508	0.243462603413255	MHCpos
Atf3	-8.44767329321475	-8.20504283549207	0.242630457722687	MHCpos
Nfic	4.30073368433457	4.54302388844922	0.242290204114653	MHCpos
Meis2	7.84165856710841	8.08049282155672	0.238834254448302	MHCpos
Zfp110	-3.5972431073725	-3.83472193004501	-0.237478822672517	MHCneg
Zfp369	-3.5972431073725	-3.83472193004501	-0.237478822672517	MHCneg
Sp1	9.4910200386748	9.25909478484053	-0.231925253834278	MHCneg
Snai2	-7.70270139406126	-7.4744100347729	0.228291359288353	MHCpos
Stat6	3.64474413352394	3.41877927720686	-0.225964856317081	MHCneg
Tcf7l2	2.86964353704254	3.09473653704376	0.225093000001221	MHCpos
Bach2	8.63958814815773	8.42079993254081	-0.218788215616922	MHCneg
Myc	23.6264438093481	23.4090555010176	-0.217388308330488	MHCneg
Nanog	2.01162627802285	2.22825034937495	0.216624071352097	MHCpos
Nr2c2	13.550741801206	13.3377352829954	-0.213006518210522	MHCneg
Hnf1a	-0.900599344810359	-0.687658576862669	0.21294076794769	MHCpos
Gata3	5.946006387544	5.73381041874701	-0.212195968796987	MHCneg
Tfap2a	4.13749036358992	4.34528064813837	0.207790284548452	MHCpos
Zfp217	4.26373273949273	4.46955387956151	0.205821140068779	MHCpos
Mycn	6.49503690535943	6.69940998855715	0.20437308319772	MHCpos
Usf2	6.00178288350344	5.79830035064282	-0.203482532860614	MHCneg
Six2	3.93806399837991	4.13958843664798	0.201524438268074	MHCpos
Atf6	7.14285862561577	6.94224956822186	-0.20060905739391	MHCneg
Irf3	-1.59179659148497	-1.39155796110682	0.200238630378145	MHCpos
Cebpg	7.03713209706809	7.2359270948158	0.198794997747716	MHCpos
Nr3c1	-1.18785573409903	-1.38391098565004	-0.196055251551008	MHCneg
Etv4	1.17253749980354	0.977339319489394	-0.195198180314146	MHCneg
Mef2b	6.20037827044183	6.39502864327952	0.194650372837682	MHCpos
Zeb2	-8.93588203835226	-9.12582800101715	-0.18994596266489	MHCneg
Gli2	0.352148903742991	0.162284355830003	-0.189864547912988	MHCneg
Hoxa9	4.34682043816603	4.53338242059276	0.18656198242673	MHCpos
Fos	3.56226561402894	3.37700098106624	-0.185264632962701	MHCneg
Tfap2c	0.155722301891297	-0.0278291146993631	-0.18355141659066	MHCneg
Srebf1	4.74736515323081	4.92984902345646	0.182483870225652	MHCpos
Ascl1	3.24248746570207	3.06029170655099	-0.18219575915108	MHCneg
Hsf1	4.39463912305978	4.57679040154916	0.182151278489386	MHCpos
Smad3	0.941077263538167	1.11918690243882	0.178109638900651	MHCpos
Max	6.66902241491384	6.49247530911356	-0.176547105800279	MHCneg
Pdx1	6.08073380104633	6.25720309463198	0.176469293585656	MHCpos
Tbp	7.54855808467605	7.72365595070272	0.175097866026668	MHCpos
Tcf12	7.32043797500885	7.49479014891228	0.174352173903434	MHCpos
Otx2	3.61168289099484	3.44039472181138	-0.171288169183463	MHCneg
Irf7	-1.71036011568409	-1.5399246497299	0.170435465954182	MHCpos
Creb1	2.50964784487099	2.67842181550347	0.168773970632483	MHCpos
Yy1	1.74101409206978	1.57402276090074	-0.166991331169039	MHCneg
Foxa1	-0.0427367597219297	-0.206909733068779	-0.16417297334685	MHCneg
Sox13	5.16894210098411	5.33253699516711	0.163594894183003	MHCpos
Irf2	10.6672475779772	10.8276295431676	0.160381965190401	MHCpos
Snapc4	6.87909783416531	6.7198758075384	-0.159222026626911	MHCneg
Atf2	0.575929807293468	0.726701281978351	0.150771474684883	MHCpos
Nr2f6	-5.35770354087305	-5.20829380261074	0.149409738262309	MHCpos
Zfp740	6.9742790328816	7.12355249228347	0.149273459401867	MHCpos
Spi1	12.4486383626523	12.5975689596108	0.148930596958486	MHCpos
Bcl6	-8.12042562040131	-8.26917456095917	-0.148748940557864	MHCneg
Bhlhe40	-8.89007584516253	-9.03812768883735	-0.148051843674818	MHCneg
Klf6	8.73391541316338	8.58639050584955	-0.147524907313828	MHCneg
Gata6	6.40266627307708	6.54841953821271	0.145753265135631	MHCpos
Rbpj	8.51469483259317	8.66023773353944	0.145542900946269	MHCpos
E2f1	13.5785579613959	13.4332854713033	-0.145272490092577	MHCneg
Pknox1	6.76204325518448	6.61735777727617	-0.144685477908309	MHCneg
Lhx2	2.35889819440987	2.50007832583022	0.141180131420349	MHCpos
Hinfp	5.27545753545704	5.41610538624105	0.140647850784013	MHCpos
Spib	6.6650413218975	6.80308986097152	0.138048539074019	MHCpos
Cdx2	0.558872522684096	0.695032366810126	0.13615984412603	MHCpos
Sp4	9.36115205246529	9.49627565310404	0.13512360063875	MHCpos
Pbx2	7.22713068185989	7.09260602126593	-0.134524660593955	MHCneg
Prdm14	5.33617773832343	5.46953539913411	0.133357660810677	MHCpos
Zfp592	5.14684338316212	5.01442794527212	-0.132415437889997	MHCneg
Atf1	3.05999661588649	3.1911250017373	0.131128385850809	MHCpos
Zfp263	-9.97769951833624	-10.1083895387793	-0.13069002044306	MHCneg
Foxk2	9.64230959299292	9.77093307073486	0.128623477741941	MHCpos
Klf4	0.770369213644495	0.642945174339043	-0.127424039305452	MHCneg
Creb3l1	5.53177532615917	5.65870719368824	0.126931867529071	MHCpos
Arntl	2.94592535196449	2.81920969858514	-0.126715653379348	MHCneg
Pou2f1	3.57386009210158	3.44760604478443	-0.126254047317145	MHCneg
Crem	7.19107537893118	7.31542613933472	0.124350760403543	MHCpos
Gabpa	10.4375407794935	10.5571494589524	0.11960867945889	MHCpos
Arnt	3.16010006719822	3.27931653201179	0.119216464813576	MHCpos
Tfap4	5.52657116236946	5.40776763315216	-0.118803529217298	MHCneg
Hbp1	-8.32818535788493	-8.44268317434796	-0.114497816463025	MHCneg
Srf	2.48445560722571	2.59251832458435	0.108062717358646	MHCpos
Hmbox1	-7.02917043237468	-7.1370233149164	-0.107852882541725	MHCneg
Pgr	0.324368820354039	0.431725829605298	0.107357009251259	MHCpos
Zfp639	-9.03658959373046	-9.14337726188394	-0.10678766815348	MHCneg
Rxra	1.46368029694734	1.35791121561139	-0.105769081335952	MHCneg
E2f4	20.9183411820797	21.0231437267669	0.104802544687253	MHCpos
Tead2	4.99035550042107	5.09422630850278	0.103870808081714	MHCpos
Ikzf1	8.23040145265502	8.33385811525189	0.103456662596866	MHCpos
Mbd1	-8.90827837530188	-8.80560409803707	0.102674277264803	MHCpos
Klf3	4.07813014216945	3.9780135200404	-0.100116622129047	MHCneg
Twist1	1.66278590688101	1.56390210823626	-0.0988837986447406	MHCneg
Mitf	4.0109048804691	4.10795977782507	0.0970548973559655	MHCpos
Ncoa2	5.37000485645411	5.466165182789	0.0961603263348803	MHCpos
Thap11	-14.7743307508615	-14.678227141638	0.0961036092234533	MHCpos
Nrf1	11.812039510355	11.7164966912625	-0.0955428190925467	MHCneg
Lyl1	13.3334120130879	13.4288697148702	0.0954577017823652	MHCpos
Trp53	6.86887498659979	6.77347965419936	-0.0953953324004315	MHCneg
Mybl2	6.32183202369431	6.22771571556407	-0.0941163081302427	MHCneg
Pax6	0.65572541569101	0.749635829463174	0.0939104137721641	MHCpos
Prox1	4.99752027939416	4.90402689787082	-0.093493381523345	MHCneg
Eomes	3.46720158559904	3.37422559288018	-0.0929759927188649	MHCneg
Ncoa1	6.31625110919199	6.40795138710472	0.0917002779127234	MHCpos
Ncoa3	6.5448990804371	6.45625690924677	-0.0886421711903331	MHCneg
Gfi1b	6.36360379760655	6.45196480648795	0.0883610088814013	MHCpos
Tcf3	3.57556344347232	3.66055073663266	0.0849872931603346	MHCpos
Zeb1	-4.3565575027938	-4.2727293804447	0.0838281223491073	MHCpos
Elf1	10.435187604024	10.5176855800004	0.0824979759764695	MHCpos
Tfdp1	6.82294603048999	6.74161221575741	-0.08133381473258	MHCneg
Epas1	2.33846447894761	2.25840139575967	-0.0800630831879414	MHCneg
Elk4	5.45195722274241	5.37223183772494	-0.0797253850174666	MHCneg
Runx1	2.54500598684697	2.62366061109678	0.0786546242498072	MHCpos
Etv1	6.2637258952646	6.34225644772161	0.0785305524570088	MHCpos
Elf3	6.08146992597749	6.15849470226042	0.0770247762829275	MHCpos
Duxbl1	6.0800914259912	6.00469868230458	-0.075392743686618	MHCneg
Duxbl2	6.0800914259912	6.00469868230458	-0.075392743686618	MHCneg
Duxbl3	6.0800914259912	6.00469868230458	-0.075392743686618	MHCneg
Bcl11a	6.67118937203583	6.74427521804872	0.0730858460128916	MHCpos
Maff	6.08853679148416	6.16022073938451	0.0716839479003495	MHCpos
Creb3	7.99914386894816	7.92793818127106	-0.0712056876771037	MHCneg
Sox6	5.56412624307582	5.63512559413005	0.0709993510542288	MHCpos
Ehf	2.74894064457381	2.81942704450223	0.070486399928412	MHCpos
Mbd2	2.21954123560497	2.28457198294412	0.065030747339152	MHCpos
Zbtb11	7.78418584955652	7.72134898855502	-0.0628368610015011	MHCneg
Rfx2	3.60645721229384	3.66904509521257	0.0625878829187267	MHCpos
Rreb1	1.73378369020002	1.79588633645746	0.0621026462574381	MHCpos
Lef1	2.83643248276421	2.89713803552698	0.0607055527627782	MHCpos
Nfkb2	1.13285449219593	1.19217124273762	0.0593167505416894	MHCpos
Stat2	0.638317441229032	0.579086293938138	-0.0592311472908945	MHCneg
Zbtb33	5.26192359013024	5.31763661793073	0.055713027800488	MHCpos
Arid2	7.57495256749865	7.62956204096955	0.0546094734708973	MHCpos
E2f2	7.17191704799615	7.11936944746957	-0.052547600526573	MHCneg
Tgif2	-6.24757326036151	-6.29428244975766	-0.0467091893961467	MHCneg
Klf9	8.86556415072481	8.8200205181925	-0.0455436325323131	MHCneg
Pou5f1	4.72340695232913	4.76671753484299	0.0433105825138638	MHCpos
Fosl2	2.88096309198553	2.92373042888218	0.0427673368966506	MHCpos
Kdm5b	4.81511693263077	4.85604524037045	0.0409283077396827	MHCpos
Smad5	5.65147828322577	5.69072217461154	0.039243891385766	MHCpos
Six5	5.75663901608373	5.7952372148553	0.0385981987715711	MHCpos
Sox10	1.15135741319343	1.1895549808388	0.0381975676453712	MHCpos
Klf13	-7.50744756704742	-7.46974449284098	0.0377030742064335	MHCpos
Maz	9.63306215280831	9.66873945064188	0.0356772978335727	MHCpos
Elf5	5.95588041654553	5.92085195918275	-0.035028457362773	MHCneg
Klf1	9.28449279385024	9.31906876200588	0.0345759681556359	MHCpos
Clock	5.88585180624489	5.91894030609651	0.0330884998516217	MHCpos
Elk1	5.54763045214283	5.51493880232797	-0.0326916498148657	MHCneg
Ar	10.9769897332721	11.0088172816992	0.0318275484270583	MHCpos
Gata4	0.27046639947957	0.301362178199065	0.0308957787194945	MHCpos
E2f3	5.46930441164256	5.4413348469413	-0.0279695647012694	MHCneg
Zfp143	7.69870473350774	7.72608070914476	0.0273759756370158	MHCpos
Foxo4	4.00532107069929	4.03236001822404	0.0270389475247521	MHCpos
E2f6	-9.4637896972377	-9.43753721631968	0.0262524809180249	MHCpos
Hnf1b	2.77859132185635	2.80310458304626	0.0245132611899157	MHCpos
E2f7	7.28244321836432	7.25933844675282	-0.0231047716115071	MHCneg
Maf	7.35463743148021	7.37701393390402	0.0223765024238052	MHCpos
Trp63	2.09159271636983	2.11258162132135	0.0209889049515146	MHCpos
Hif1a	9.50520171550156	9.52537203190395	0.020170316402389	MHCpos
Ets1	10.2920468970581	10.3115367916899	0.0194898946318034	MHCpos
Stat4	3.03499872712906	3.01630531636711	-0.0186934107619439	MHCneg
E2f5	5.66093367868662	5.64487757185393	-0.0160561068326821	MHCneg
Neurod1	5.59360184533965	5.57760010937888	-0.0160017359607636	MHCneg
Zfx	11.6971876886393	11.7131568397213	0.0159691510820323	MHCpos
Cux1	6.92164815133387	6.90698768586811	-0.0146604654657612	MHCneg
Hnf4g	-1.71821407568301	-1.7046184258963	0.0135956497867102	MHCpos
Thap1	9.42307018466434	9.43485512570186	0.0117849410375221	MHCpos
Tcf7	8.29449736134032	8.28389842112801	-0.0105989402123132	MHCneg
Nr5a2	5.03234268212646	5.02345574621698	-0.0088869359094712	MHCneg
Vdr	2.48055827552188	2.4739431818281	-0.00661509369378255	MHCneg
Mafk	3.20202115613761	3.20783622010965	0.00581506397203624	MHCpos
Sp2	5.31357300574626	5.30810107918662	-0.00547192655964412	MHCneg
Mxi1	-12.2188838068115	-12.2234416579297	-0.00455785111820539	MHCneg
Nr2f1	5.09804416309011	5.09399212164692	-0.00405204144318727	MHCneg
Nfatc2	1.74317284186719	1.73990020100572	-0.00327264086147849	MHCneg
Trp73	7.36229731055855	7.35915956115407	-0.00313774940447686	MHCneg
Nr4a1	6.15758098983172	6.1597495933156	0.00216860348388437	MHCpos
Rest	0.190282267759333	0.188274275904963	-0.0020079918543702	MHCneg
Rara	3.61235412136223	3.61374436487895	0.00139024351672301	MHCpos
